
. Module name, SLE, CFG, ARI1, BUFFER, MACC, RAM1K18, RAM64X18, GLOBAL, IO
. PROC_SUBSYSTEM, 6082, 11263, 1055, 0, 2, 8, 10, 11, 62
.	. COREAHBTOAPB3_24s_0s, 51, 112, 0, 0, 0, 0, 0, 0, 0
.	.	. CAHBtoAPB3OIl_0s_0_1_2, 2, 2, 0, 0, 0, 0, 0, 0, 0
.	.	. CAHBtoAPB3O_0s_0_1_0_1_2_3_4, 9, 96, 0, 0, 0, 0, 0, 0, 0
.	.	. CAHBtoAPB3l1I_0s, 40, 14, 0, 0, 0, 0, 0, 0, 0
.	. COREJTAGDEBUG_85_1s, 16, 102, 0, 0, 0, 0, 0, 3, 0
.	.	. uj_jtag_85, 16, 99, 0, 0, 0, 0, 0, 0, 0
.	. CORESPI_Z12, 208, 228, 26, 0, 0, 0, 2, 0, 0
.	.	. spi_32s_8s_32s_33s_1_1_1_0s, 208, 228, 26, 0, 0, 0, 2, 0, 0
.	.	.	. spi_chanctrl_Z11, 129, 145, 14, 0, 0, 0, 0, 0, 0
.	.	.	.	. spi_clockmux, 0, 1, 0, 0, 0, 0, 0, 0, 0
.	.	.	. spi_control_8s, 0, 9, 0, 0, 0, 0, 0, 0, 0
.	.	.	. spi_fifo_8s_32s_5_0, 18, 20, 6, 0, 0, 0, 1, 0, 0
.	.	.	. spi_fifo_8s_32s_5_1, 18, 22, 6, 0, 0, 0, 1, 0, 0
.	.	.	. spi_rf_32s_33s_0, 43, 30, 0, 0, 0, 0, 0, 0, 0
.	. CoreAPB3_Z8, 0, 81, 0, 0, 0, 0, 0, 0, 0
.	.	. CAPB3II, 0, 80, 0, 0, 0, 0, 0, 0, 0
.	. HPMS_0_sb, 626, 1001, 108, 0, 0, 0, 0, 8, 50
.	.	. CoreAHBLite_Z17, 112, 326, 0, 0, 0, 0, 0, 0, 0
.	.	.	. COREAHBLITE_MATRIX4X16_1_1_85_65536_65536_0_0_0s, 112, 326, 0, 0, 0, 0, 0, 0, 0
.	.	.	.	. COREAHBLITE_MASTERSTAGE_1_1_85_0s_0_1_0_2, 50, 69, 0, 0, 0, 0, 0, 0, 0
.	.	.	.	.	. COREAHBLITE_DEFAULTSLAVESM_0s_0_1_1, 1, 5, 0, 0, 0, 0, 0, 0, 0
.	.	.	.	. COREAHBLITE_MASTERSTAGE_1_1_85_0s_0_1_0_3, 51, 64, 0, 0, 0, 0, 0, 0, 0
.	.	.	.	.	. COREAHBLITE_DEFAULTSLAVESM_0s_0_1_4, 1, 2, 0, 0, 0, 0, 0, 0, 0
.	.	.	.	. COREAHBLITE_SLAVESTAGE_0s_0_0_5, 11, 193, 0, 0, 0, 0, 0, 0, 0
.	.	.	.	.	. COREAHBLITE_SLAVEARBITER_Z3_6, 9, 60, 0, 0, 0, 0, 0, 0, 0
.	.	. CoreConfigMaster_Z14, 380, 609, 94, 0, 0, 0, 0, 0, 0
.	.	. CoreConfigP_Z18, 75, 45, 0, 0, 0, 0, 0, 0, 0
.	.	. CoreResetP_Z19, 59, 20, 14, 0, 0, 0, 0, 4, 0
.	.	. HPMS_0_sb_CCC_0_FCCC, 0, 0, 0, 0, 0, 0, 0, 1, 1
.	.	. HPMS_0_sb_FABOSC_0_OSC, 0, 0, 0, 0, 0, 0, 0, 1, 0
.	.	. HPMS_0_sb_HPMS, 0, 1, 0, 0, 0, 0, 0, 2, 49
.	. MIRSLV2MIRMSTRBRIDGE_AHB_1s_0s_1_2, 1, 7, 0, 0, 0, 0, 0, 0, 0
.	. PROC_SUBSYSTEM_CoreAHBLite_0_CoreAHBLite_Z4, 48, 82, 0, 0, 0, 0, 0, 0, 0
.	.	. COREAHBLITE_MATRIX4X16_1_1_0_192_0_0_0_0s, 48, 82, 0, 0, 0, 0, 0, 0, 0
.	.	.	. COREAHBLITE_MASTERSTAGE_1_1_0_192_0s_0_1_0, 40, 62, 0, 0, 0, 0, 0, 0, 0
.	.	.	.	. COREAHBLITE_DEFAULTSLAVESM_0s_0_1, 1, 1, 0, 0, 0, 0, 0, 0, 0
.	.	.	. COREAHBLITE_SLAVESTAGE_0s_0_0_0, 4, 19, 0, 0, 0, 0, 0, 0, 0
.	.	.	.	. COREAHBLITE_SLAVEARBITER_Z3_2_0, 3, 0, 0, 0, 0, 0, 0, 0, 0
.	.	.	. COREAHBLITE_SLAVESTAGE_0s_0_0_1, 4, 1, 0, 0, 0, 0, 0, 0, 0
.	.	.	.	. COREAHBLITE_SLAVEARBITER_Z3_2, 3, 0, 0, 0, 0, 0, 0, 0, 0
.	. PROC_SUBSYSTEM_CoreAHBLite_1_CoreAHBLite_Z7, 60, 202, 0, 0, 0, 0, 0, 0, 0
.	.	. COREAHBLITE_MATRIX4X16_0_1_0_65536_0_0_0_0s, 60, 202, 0, 0, 0, 0, 0, 0, 0
.	.	.	. COREAHBLITE_MASTERSTAGE_0_1_0_65536_0s_0_1_0, 56, 127, 0, 0, 0, 0, 0, 0, 0
.	.	.	.	. COREAHBLITE_ADDRDEC_Z5, 0, 5, 0, 0, 0, 0, 0, 0, 0
.	.	.	.	. COREAHBLITE_DEFAULTSLAVESM_0s_0_1_0, 1, 1, 0, 0, 0, 0, 0, 0, 0
.	.	.	. COREAHBLITE_SLAVESTAGE_0s_0_0_3, 4, 75, 0, 0, 0, 0, 0, 0, 0
.	.	.	.	. COREAHBLITE_SLAVEARBITER_Z3_2_1, 3, 10, 0, 0, 0, 0, 0, 0, 0
.	. PROC_SUBSYSTEM_CoreGPIO_0_CoreGPIO_Z9, 7, 3, 0, 0, 0, 0, 0, 0, 0
.	. PROC_SUBSYSTEM_CoreGPIO_1_CoreGPIO_Z10, 8, 5, 0, 0, 0, 0, 0, 0, 0
.	. PROC_SUBSYSTEM_CoreUARTapb_0_CoreUARTapb_Z13, 114, 146, 19, 0, 0, 0, 0, 0, 0
.	.	. PROC_SUBSYSTEM_CoreUARTapb_0_COREUART_0s_0s_0s_24s_0s_0s, 90, 117, 19, 0, 0, 0, 0, 0, 0
.	.	.	. PROC_SUBSYSTEM_CoreUARTapb_0_Clock_gen_0s_0s, 19, 10, 14, 0, 0, 0, 0, 0, 0
.	.	.	. PROC_SUBSYSTEM_CoreUARTapb_0_Rx_async_0s_0s_0s_1s_2s_3s, 41, 79, 0, 0, 0, 0, 0, 0, 0
.	.	.	. PROC_SUBSYSTEM_CoreUARTapb_0_Tx_async_0s_0s_0s_1s_2s_3s_4s_5s_6s, 21, 23, 5, 0, 0, 0, 0, 0, 0
.	. PROC_SUBSYSTEM_MIV_RV32IMA_L1_AHB_0_MIV_RV32IMA_L1_AHB_24576_0_0s_0s, 4943, 9294, 902, 0, 2, 8, 8, 0, 0
.	.	. PROC_SUBSYSTEM_MIV_RV32IMA_L1_AHB_0_MIV_RV32IMA_L1_AHB_ROCKET_SYSTEM, 4943, 9294, 902, 0, 2, 8, 8, 0, 0
.	.	.	. PROC_SUBSYSTEM_MIV_RV32IMA_L1_AHB_0_MIV_RV32IMA_L1_AHB_COREPLEX_LOCAL_INTERRUPTER_CLINT, 129, 240, 192, 0, 0, 0, 0, 0, 0
.	.	.	. PROC_SUBSYSTEM_MIV_RV32IMA_L1_AHB_0_MIV_RV32IMA_L1_AHB_DEBUG_TRANSPORT_MODULE_JTAG, 168, 146, 0, 0, 0, 0, 0, 0, 0
.	.	.	.	. PROC_SUBSYSTEM_MIV_RV32IMA_L1_AHB_0_MIV_RV32IMA_L1_AHB_CAPTURE_CHAIN, 32, 12, 0, 0, 0, 0, 0, 0, 0
.	.	.	.	. PROC_SUBSYSTEM_MIV_RV32IMA_L1_AHB_0_MIV_RV32IMA_L1_AHB_CAPTURE_UPDATE_CHAIN, 32, 3, 0, 0, 0, 0, 0, 0, 0
.	.	.	.	. PROC_SUBSYSTEM_MIV_RV32IMA_L1_AHB_0_MIV_RV32IMA_L1_AHB_CAPTURE_UPDATE_CHAIN_1, 41, 62, 0, 0, 0, 0, 0, 0, 0
.	.	.	.	. PROC_SUBSYSTEM_MIV_RV32IMA_L1_AHB_0_MIV_RV32IMA_L1_AHB_JTAG_BYPASS_CHAIN, 1, 1, 0, 0, 0, 0, 0, 0, 0
.	.	.	.	. PROC_SUBSYSTEM_MIV_RV32IMA_L1_AHB_0_MIV_RV32IMA_L1_AHB_JTAG_TAP_CONTROLLER, 15, 33, 0, 0, 0, 0, 0, 0, 0
.	.	.	.	.	. PROC_SUBSYSTEM_MIV_RV32IMA_L1_AHB_0_MIV_RV32IMA_L1_AHB_CAPTURE_UPDATE_CHAIN_2, 5, 5, 0, 0, 0, 0, 0, 0, 0
.	.	.	.	.	. PROC_SUBSYSTEM_MIV_RV32IMA_L1_AHB_0_MIV_RV32IMA_L1_AHB_JTAG_STATE_MACHINE, 4, 14, 0, 0, 0, 0, 0, 0, 0
.	.	.	.	.	.	. PROC_SUBSYSTEM_MIV_RV32IMA_L1_AHB_0_MIV_RV32IMA_L1_AHB_ASYNC_RESET_REG_VEC_W4_I15, 4, 6, 0, 0, 0, 0, 0, 0, 0
.	.	.	.	.	.	.	. PROC_SUBSYSTEM_MIV_RV32IMA_L1_AHB_0_MIV_RV32IMA_L1_AHB_ASYNC_RESET_REG_2_68, 1, 1, 0, 0, 0, 0, 0, 0, 0
.	.	.	.	.	.	.	. PROC_SUBSYSTEM_MIV_RV32IMA_L1_AHB_0_MIV_RV32IMA_L1_AHB_ASYNC_RESET_REG_2_69, 1, 3, 0, 0, 0, 0, 0, 0, 0
.	.	.	.	.	.	.	. PROC_SUBSYSTEM_MIV_RV32IMA_L1_AHB_0_MIV_RV32IMA_L1_AHB_ASYNC_RESET_REG_2_70, 1, 1, 0, 0, 0, 0, 0, 0, 0
.	.	.	.	.	.	.	. PROC_SUBSYSTEM_MIV_RV32IMA_L1_AHB_0_MIV_RV32IMA_L1_AHB_ASYNC_RESET_REG_2_71, 1, 1, 0, 0, 0, 0, 0, 0, 0
.	.	.	.	.	. PROC_SUBSYSTEM_MIV_RV32IMA_L1_AHB_0_MIV_RV32IMA_L1_AHB_NEGATIVE_EDGE_LATCH_1, 1, 0, 0, 0, 0, 0, 0, 0, 0
.	.	.	.	.	. PROC_SUBSYSTEM_MIV_RV32IMA_L1_AHB_0_MIV_RV32IMA_L1_AHB_NEGATIVE_EDGE_LATCH_2, 5, 0, 0, 0, 0, 0, 0, 0, 0
.	.	.	. PROC_SUBSYSTEM_MIV_RV32IMA_L1_AHB_0_MIV_RV32IMA_L1_AHB_INT_SYNC_CROSSING_SOURCE_2, 3, 0, 0, 0, 0, 0, 0, 0, 0
.	.	.	.	. PROC_SUBSYSTEM_MIV_RV32IMA_L1_AHB_0_MIV_RV32IMA_L1_AHB_ASYNC_RESET_REG_VEC_W1_I0_0_37, 1, 0, 0, 0, 0, 0, 0, 0, 0
.	.	.	.	.	. PROC_SUBSYSTEM_MIV_RV32IMA_L1_AHB_0_MIV_RV32IMA_L1_AHB_ASYNC_RESET_REG_42, 1, 0, 0, 0, 0, 0, 0, 0, 0
.	.	.	.	. PROC_SUBSYSTEM_MIV_RV32IMA_L1_AHB_0_MIV_RV32IMA_L1_AHB_ASYNC_RESET_REG_VEC_W2_I0, 2, 0, 0, 0, 0, 0, 0, 0, 0
.	.	.	.	.	. PROC_SUBSYSTEM_MIV_RV32IMA_L1_AHB_0_MIV_RV32IMA_L1_AHB_ASYNC_RESET_REG_40, 1, 0, 0, 0, 0, 0, 0, 0, 0
.	.	.	.	.	. PROC_SUBSYSTEM_MIV_RV32IMA_L1_AHB_0_MIV_RV32IMA_L1_AHB_ASYNC_RESET_REG_41, 1, 0, 0, 0, 0, 0, 0, 0, 0
.	.	.	. PROC_SUBSYSTEM_MIV_RV32IMA_L1_AHB_0_MIV_RV32IMA_L1_AHB_PERIPHERY_BUS_PBUS, 469, 991, 32, 0, 0, 0, 0, 0, 0
.	.	.	.	. PROC_SUBSYSTEM_MIV_RV32IMA_L1_AHB_0_MIV_RV32IMA_L1_AHB_TLATOMIC_AUTOMATA_PERIPHERY_BUS_SLAVE_TLFRAGMENTER, 123, 431, 32, 0, 0, 0, 0, 0, 0
.	.	.	.	. PROC_SUBSYSTEM_MIV_RV32IMA_L1_AHB_0_MIV_RV32IMA_L1_AHB_TLBUFFER_PERIPHERY_BUS_SLAVE_TLFRAGMENTER, 226, 120, 0, 0, 0, 0, 0, 0, 0
.	.	.	.	.	. PROC_SUBSYSTEM_MIV_RV32IMA_L1_AHB_0_MIV_RV32IMA_L1_AHB_QUEUE_1_1_0, 81, 46, 0, 0, 0, 0, 0, 0, 0
.	.	.	.	.	. PROC_SUBSYSTEM_MIV_RV32IMA_L1_AHB_0_MIV_RV32IMA_L1_AHB_QUEUE_2, 145, 74, 0, 0, 0, 0, 0, 0, 0
.	.	.	.	. PROC_SUBSYSTEM_MIV_RV32IMA_L1_AHB_0_MIV_RV32IMA_L1_AHB_TLFRAGMENTER_PERIPHERY_BUS_SLAVE_TLFRAGMENTER, 111, 228, 0, 0, 0, 0, 0, 0, 0
.	.	.	.	.	. PROC_SUBSYSTEM_MIV_RV32IMA_L1_AHB_0_MIV_RV32IMA_L1_AHB_REPEATER_0, 24, 20, 0, 0, 0, 0, 0, 0, 0
.	.	.	.	.	. PROC_SUBSYSTEM_MIV_RV32IMA_L1_AHB_0_MIV_RV32IMA_L1_AHB_REPEATER_1, 34, 35, 0, 0, 0, 0, 0, 0, 0
.	.	.	.	.	. PROC_SUBSYSTEM_MIV_RV32IMA_L1_AHB_0_MIV_RV32IMA_L1_AHB_REPEATER_2, 20, 22, 0, 0, 0, 0, 0, 0, 0
.	.	.	.	. PROC_SUBSYSTEM_MIV_RV32IMA_L1_AHB_0_MIV_RV32IMA_L1_AHB_TLXBAR_PERIPHERY_BUS, 9, 212, 0, 0, 0, 0, 0, 0, 0
.	.	.	. PROC_SUBSYSTEM_MIV_RV32IMA_L1_AHB_0_MIV_RV32IMA_L1_AHB_RESET_CATCH_AND_SYNC_D3_1, 3, 3, 0, 0, 0, 0, 0, 0, 0
.	.	.	.	. PROC_SUBSYSTEM_MIV_RV32IMA_L1_AHB_0_MIV_RV32IMA_L1_AHB_ASYNC_RESET_SYNCHRONIZER_SHIFT_REG_W1_D3_I0_8_5, 3, 3, 0, 0, 0, 0, 0, 0, 0
.	.	.	.	.	. PROC_SUBSYSTEM_MIV_RV32IMA_L1_AHB_0_MIV_RV32IMA_L1_AHB_ASYNC_RESET_REG_VEC_W1_I0_1_2, 1, 0, 0, 0, 0, 0, 0, 0, 0
.	.	.	.	.	.	. PROC_SUBSYSTEM_MIV_RV32IMA_L1_AHB_0_MIV_RV32IMA_L1_AHB_ASYNC_RESET_REG_1_2, 1, 0, 0, 0, 0, 0, 0, 0, 0
.	.	.	.	.	. PROC_SUBSYSTEM_MIV_RV32IMA_L1_AHB_0_MIV_RV32IMA_L1_AHB_ASYNC_RESET_REG_VEC_W1_I0_2_36, 1, 2, 0, 0, 0, 0, 0, 0, 0
.	.	.	.	.	.	. PROC_SUBSYSTEM_MIV_RV32IMA_L1_AHB_0_MIV_RV32IMA_L1_AHB_ASYNC_RESET_REG_2_72, 1, 2, 0, 0, 0, 0, 0, 0, 0
.	.	.	.	.	. PROC_SUBSYSTEM_MIV_RV32IMA_L1_AHB_0_MIV_RV32IMA_L1_AHB_ASYNC_RESET_REG_VEC_W1_I0_2_37, 1, 1, 0, 0, 0, 0, 0, 0, 0
.	.	.	.	.	.	. PROC_SUBSYSTEM_MIV_RV32IMA_L1_AHB_0_MIV_RV32IMA_L1_AHB_ASYNC_RESET_REG_2_73, 1, 1, 0, 0, 0, 0, 0, 0, 0
.	.	.	. PROC_SUBSYSTEM_MIV_RV32IMA_L1_AHB_0_MIV_RV32IMA_L1_AHB_ROCKET_TILE, 2181, 4621, 571, 0, 2, 8, 8, 0, 0
.	.	.	.	. PROC_SUBSYSTEM_MIV_RV32IMA_L1_AHB_0_MIV_RV32IMA_L1_AHB_DCACHE_DCACHE, 381, 746, 127, 0, 0, 4, 3, 0, 0
.	.	.	.	.	. PROC_SUBSYSTEM_MIV_RV32IMA_L1_AHB_0_MIV_RV32IMA_L1_AHB_AMOALU, 0, 192, 64, 0, 0, 0, 0, 0, 0
.	.	.	.	.	. PROC_SUBSYSTEM_MIV_RV32IMA_L1_AHB_0_MIV_RV32IMA_L1_AHB_ARBITER, 0, 229, 8, 0, 0, 0, 0, 0, 0
.	.	.	.	.	. PROC_SUBSYSTEM_MIV_RV32IMA_L1_AHB_0_MIV_RV32IMA_L1_AHB_ARBITER_1, 0, 101, 0, 0, 0, 0, 0, 0, 0
.	.	.	.	.	. PROC_SUBSYSTEM_MIV_RV32IMA_L1_AHB_0_MIV_RV32IMA_L1_AHB_DCACHE_DATA_ARRAY, 11, 58, 0, 0, 0, 4, 0, 0, 0
.	.	.	.	.	.	. PROC_SUBSYSTEM_MIV_RV32IMA_L1_AHB_0_MIV_RV32IMA_L1_AHB_DATA_ARRAYS_0, 11, 16, 0, 0, 0, 4, 0, 0, 0
.	.	.	.	.	.	.	. PROC_SUBSYSTEM_MIV_RV32IMA_L1_AHB_0_MIV_RV32IMA_L1_AHB_DATA_ARRAYS_0_EXT, 11, 16, 0, 0, 0, 4, 0, 0, 0
.	.	.	.	.	. PROC_SUBSYSTEM_MIV_RV32IMA_L1_AHB_0_MIV_RV32IMA_L1_AHB_TAG_ARRAY, 0, 8, 0, 0, 0, 0, 3, 0, 0
.	.	.	.	.	.	. PROC_SUBSYSTEM_MIV_RV32IMA_L1_AHB_0_MIV_RV32IMA_L1_AHB_TAG_ARRAY_EXT, 0, 8, 0, 0, 0, 0, 3, 0, 0
.	.	.	.	.	. PROC_SUBSYSTEM_MIV_RV32IMA_L1_AHB_0_MIV_RV32IMA_L1_AHB_TLB, 0, 29, 0, 0, 0, 0, 0, 0, 0
.	.	.	.	. PROC_SUBSYSTEM_MIV_RV32IMA_L1_AHB_0_MIV_RV32IMA_L1_AHB_FRONTEND_FRONTEND, 575, 903, 54, 0, 0, 4, 3, 0, 0
.	.	.	.	.	. PROC_SUBSYSTEM_MIV_RV32IMA_L1_AHB_0_MIV_RV32IMA_L1_AHB_ICACHE_ICACHE, 182, 468, 24, 0, 0, 4, 3, 0, 0
.	.	.	.	.	.	. PROC_SUBSYSTEM_MIV_RV32IMA_L1_AHB_0_MIV_RV32IMA_L1_AHB_DATA_ARRAYS_0_0, 11, 15, 0, 0, 0, 4, 0, 0, 0
.	.	.	.	.	.	.	. PROC_SUBSYSTEM_MIV_RV32IMA_L1_AHB_0_MIV_RV32IMA_L1_AHB_DATA_ARRAYS_0_0_EXT, 11, 15, 0, 0, 0, 4, 0, 0, 0
.	.	.	.	.	.	. PROC_SUBSYSTEM_MIV_RV32IMA_L1_AHB_0_MIV_RV32IMA_L1_AHB_TAG_ARRAY_0, 0, 9, 0, 0, 0, 0, 3, 0, 0
.	.	.	.	.	.	.	. PROC_SUBSYSTEM_MIV_RV32IMA_L1_AHB_0_MIV_RV32IMA_L1_AHB_TAG_ARRAY_0_EXT, 0, 9, 0, 0, 0, 0, 3, 0, 0
.	.	.	.	.	. PROC_SUBSYSTEM_MIV_RV32IMA_L1_AHB_0_MIV_RV32IMA_L1_AHB_SHIFT_QUEUE, 325, 347, 0, 0, 0, 0, 0, 0, 0
.	.	.	.	.	. PROC_SUBSYSTEM_MIV_RV32IMA_L1_AHB_0_MIV_RV32IMA_L1_AHB_TLB_1, 0, 11, 0, 0, 0, 0, 0, 0, 0
.	.	.	.	. PROC_SUBSYSTEM_MIV_RV32IMA_L1_AHB_0_MIV_RV32IMA_L1_AHB_INT_SYNC_CROSSING_SINK, 3, 0, 0, 0, 0, 0, 0, 0, 0
.	.	.	.	.	. PROC_SUBSYSTEM_MIV_RV32IMA_L1_AHB_0_MIV_RV32IMA_L1_AHB_SYNCHRONIZER_SHIFT_REG_W1_D3, 3, 0, 0, 0, 0, 0, 0, 0, 0
.	.	.	.	. PROC_SUBSYSTEM_MIV_RV32IMA_L1_AHB_0_MIV_RV32IMA_L1_AHB_ROCKET, 840, 2635, 380, 0, 2, 0, 2, 0, 0
.	.	.	.	.	. PROC_SUBSYSTEM_MIV_RV32IMA_L1_AHB_0_MIV_RV32IMA_L1_AHB_ALU, 0, 451, 33, 0, 0, 0, 0, 0, 0
.	.	.	.	.	. PROC_SUBSYSTEM_MIV_RV32IMA_L1_AHB_0_MIV_RV32IMA_L1_AHB_BREAKPOINT_UNIT, 0, 1108, 192, 0, 0, 0, 0, 0, 0
.	.	.	.	.	. PROC_SUBSYSTEM_MIV_RV32IMA_L1_AHB_0_MIV_RV32IMA_L1_AHB_CSRFILE, 287, 487, 0, 0, 0, 0, 0, 0, 0
.	.	.	.	.	. PROC_SUBSYSTEM_MIV_RV32IMA_L1_AHB_0_MIV_RV32IMA_L1_AHB_IBUF, 0, 1, 0, 0, 0, 0, 0, 0, 0
.	.	.	.	.	. PROC_SUBSYSTEM_MIV_RV32IMA_L1_AHB_0_MIV_RV32IMA_L1_AHB_MUL_DIV, 120, 385, 121, 0, 2, 0, 0, 0, 0
.	.	.	.	. PROC_SUBSYSTEM_MIV_RV32IMA_L1_AHB_0_MIV_RV32IMA_L1_AHB_TLBUFFER_SYSTEM_BUS, 369, 194, 0, 0, 0, 0, 0, 0, 0
.	.	.	.	.	. PROC_SUBSYSTEM_MIV_RV32IMA_L1_AHB_0_MIV_RV32IMA_L1_AHB_QUEUE_11, 161, 76, 0, 0, 0, 0, 0, 0, 0
.	.	.	.	.	. PROC_SUBSYSTEM_MIV_RV32IMA_L1_AHB_0_MIV_RV32IMA_L1_AHB_QUEUE_14, 123, 69, 0, 0, 0, 0, 0, 0, 0
.	.	.	.	.	. PROC_SUBSYSTEM_MIV_RV32IMA_L1_AHB_0_MIV_RV32IMA_L1_AHB_QUEUE_6_2, 85, 49, 0, 0, 0, 0, 0, 0, 0
.	.	.	.	. PROC_SUBSYSTEM_MIV_RV32IMA_L1_AHB_0_MIV_RV32IMA_L1_AHB_TLXBAR_TL_MASTER_XBAR, 13, 143, 10, 0, 0, 0, 0, 0, 0
.	.	.	. PROC_SUBSYSTEM_MIV_RV32IMA_L1_AHB_0_MIV_RV32IMA_L1_AHB_SYSTEM_BUS_SBUS, 600, 767, 51, 0, 0, 0, 0, 0, 0
.	.	.	.	. PROC_SUBSYSTEM_MIV_RV32IMA_L1_AHB_0_MIV_RV32IMA_L1_AHB_SIMPLE_LAZY_MODULE_SYSTEM_BUS_FROM_TILE, 67, 309, 41, 0, 0, 0, 0, 0, 0
.	.	.	.	.	. PROC_SUBSYSTEM_MIV_RV32IMA_L1_AHB_0_MIV_RV32IMA_L1_AHB_TLCACHE_CORK_SYSTEM_BUS, 43, 248, 21, 0, 0, 0, 0, 0, 0
.	.	.	.	.	.	. PROC_SUBSYSTEM_MIV_RV32IMA_L1_AHB_0_MIV_RV32IMA_L1_AHB_QUEUE_6_0, 13, 13, 0, 0, 0, 0, 0, 0, 0
.	.	.	.	.	.	. PROC_SUBSYSTEM_MIV_RV32IMA_L1_AHB_0_MIV_RV32IMA_L1_AHB_QUEUE_6_1, 5, 10, 0, 0, 0, 0, 0, 0, 0
.	.	.	.	.	. PROC_SUBSYSTEM_MIV_RV32IMA_L1_AHB_0_MIV_RV32IMA_L1_AHB_TLFIFOFIXER_SYSTEM_BUS, 24, 61, 20, 0, 0, 0, 0, 0, 0
.	.	.	.	. PROC_SUBSYSTEM_MIV_RV32IMA_L1_AHB_0_MIV_RV32IMA_L1_AHB_TLBUFFER_SYSTEM_BUS_SLAVE_TLBUFFER, 504, 287, 0, 0, 0, 0, 0, 0, 0
.	.	.	.	.	. PROC_SUBSYSTEM_MIV_RV32IMA_L1_AHB_0_MIV_RV32IMA_L1_AHB_QUEUE_0, 141, 72, 0, 0, 0, 0, 0, 0, 0
.	.	.	.	.	. PROC_SUBSYSTEM_MIV_RV32IMA_L1_AHB_0_MIV_RV32IMA_L1_AHB_QUEUE_1, 155, 86, 0, 0, 0, 0, 0, 0, 0
.	.	.	.	.	. PROC_SUBSYSTEM_MIV_RV32IMA_L1_AHB_0_MIV_RV32IMA_L1_AHB_QUEUE_1_0, 83, 47, 0, 0, 0, 0, 0, 0, 0
.	.	.	.	.	. PROC_SUBSYSTEM_MIV_RV32IMA_L1_AHB_0_MIV_RV32IMA_L1_AHB_QUEUE_1_1, 81, 46, 0, 0, 0, 0, 0, 0, 0
.	.	.	.	.	. PROC_SUBSYSTEM_MIV_RV32IMA_L1_AHB_0_MIV_RV32IMA_L1_AHB_QUEUE_4, 21, 18, 0, 0, 0, 0, 0, 0, 0
.	.	.	.	.	. PROC_SUBSYSTEM_MIV_RV32IMA_L1_AHB_0_MIV_RV32IMA_L1_AHB_QUEUE_5, 23, 18, 0, 0, 0, 0, 0, 0, 0
.	.	.	.	. PROC_SUBSYSTEM_MIV_RV32IMA_L1_AHB_0_MIV_RV32IMA_L1_AHB_TLFIFOFIXER_SYSTEM_BUS_PBUS_TLFIFOFIXER, 12, 43, 0, 0, 0, 0, 0, 0, 0
.	.	.	.	. PROC_SUBSYSTEM_MIV_RV32IMA_L1_AHB_0_MIV_RV32IMA_L1_AHB_TLXBAR_SYSTEM_BUS, 17, 128, 10, 0, 0, 0, 0, 0, 0
.	.	.	. PROC_SUBSYSTEM_MIV_RV32IMA_L1_AHB_0_MIV_RV32IMA_L1_AHB_TLDEBUG_MODULE_DEBUG, 799, 1806, 18, 0, 0, 0, 0, 0, 0
.	.	.	.	. PROC_SUBSYSTEM_MIV_RV32IMA_L1_AHB_0_MIV_RV32IMA_L1_AHB_TLDEBUG_MODULE_INNER_ASYNC_DM_INNER, 674, 1732, 18, 0, 0, 0, 0, 0, 0
.	.	.	.	.	. PROC_SUBSYSTEM_MIV_RV32IMA_L1_AHB_0_MIV_RV32IMA_L1_AHB_ASYNC_QUEUE_SINK_2, 25, 9, 0, 0, 0, 0, 0, 0, 0
.	.	.	.	.	.	. PROC_SUBSYSTEM_MIV_RV32IMA_L1_AHB_0_MIV_RV32IMA_L1_AHB_ASYNC_RESET_REG_VEC_W1_I0_0_23, 1, 0, 0, 0, 0, 0, 0, 0, 0
.	.	.	.	.	.	.	. PROC_SUBSYSTEM_MIV_RV32IMA_L1_AHB_0_MIV_RV32IMA_L1_AHB_ASYNC_RESET_REG_26, 1, 0, 0, 0, 0, 0, 0, 0, 0
.	.	.	.	.	.	. PROC_SUBSYSTEM_MIV_RV32IMA_L1_AHB_0_MIV_RV32IMA_L1_AHB_ASYNC_RESET_REG_VEC_W1_I0_0_27, 1, 0, 0, 0, 0, 0, 0, 0, 0
.	.	.	.	.	.	.	. PROC_SUBSYSTEM_MIV_RV32IMA_L1_AHB_0_MIV_RV32IMA_L1_AHB_ASYNC_RESET_REG_30, 1, 0, 0, 0, 0, 0, 0, 0, 0
.	.	.	.	.	.	. PROC_SUBSYSTEM_MIV_RV32IMA_L1_AHB_0_MIV_RV32IMA_L1_AHB_ASYNC_RESET_SYNCHRONIZER_SHIFT_REG_W1_D3_I0_4, 3, 0, 0, 0, 0, 0, 0, 0, 0
.	.	.	.	.	.	.	. PROC_SUBSYSTEM_MIV_RV32IMA_L1_AHB_0_MIV_RV32IMA_L1_AHB_ASYNC_RESET_REG_VEC_W1_I0_0_24, 1, 0, 0, 0, 0, 0, 0, 0, 0
.	.	.	.	.	.	.	.	. PROC_SUBSYSTEM_MIV_RV32IMA_L1_AHB_0_MIV_RV32IMA_L1_AHB_ASYNC_RESET_REG_27, 1, 0, 0, 0, 0, 0, 0, 0, 0
.	.	.	.	.	.	.	. PROC_SUBSYSTEM_MIV_RV32IMA_L1_AHB_0_MIV_RV32IMA_L1_AHB_ASYNC_RESET_REG_VEC_W1_I0_0_25, 1, 0, 0, 0, 0, 0, 0, 0, 0
.	.	.	.	.	.	.	.	. PROC_SUBSYSTEM_MIV_RV32IMA_L1_AHB_0_MIV_RV32IMA_L1_AHB_ASYNC_RESET_REG_28, 1, 0, 0, 0, 0, 0, 0, 0, 0
.	.	.	.	.	.	.	. PROC_SUBSYSTEM_MIV_RV32IMA_L1_AHB_0_MIV_RV32IMA_L1_AHB_ASYNC_RESET_REG_VEC_W1_I0_0_26, 1, 0, 0, 0, 0, 0, 0, 0, 0
.	.	.	.	.	.	.	.	. PROC_SUBSYSTEM_MIV_RV32IMA_L1_AHB_0_MIV_RV32IMA_L1_AHB_ASYNC_RESET_REG_29, 1, 0, 0, 0, 0, 0, 0, 0, 0
.	.	.	.	.	.	. PROC_SUBSYSTEM_MIV_RV32IMA_L1_AHB_0_MIV_RV32IMA_L1_AHB_ASYNC_VALID_SYNC_3_1, 4, 4, 0, 0, 0, 0, 0, 0, 0
.	.	.	.	.	.	.	. PROC_SUBSYSTEM_MIV_RV32IMA_L1_AHB_0_MIV_RV32IMA_L1_AHB_ASYNC_RESET_SYNCHRONIZER_SHIFT_REG_W1_D4_I0_2, 4, 4, 0, 0, 0, 0, 0, 0, 0
.	.	.	.	.	.	.	.	. PROC_SUBSYSTEM_MIV_RV32IMA_L1_AHB_0_MIV_RV32IMA_L1_AHB_ASYNC_RESET_REG_VEC_W1_I0_0_28, 1, 2, 0, 0, 0, 0, 0, 0, 0
.	.	.	.	.	.	.	.	.	. PROC_SUBSYSTEM_MIV_RV32IMA_L1_AHB_0_MIV_RV32IMA_L1_AHB_ASYNC_RESET_REG_31, 1, 2, 0, 0, 0, 0, 0, 0, 0
.	.	.	.	.	.	.	.	. PROC_SUBSYSTEM_MIV_RV32IMA_L1_AHB_0_MIV_RV32IMA_L1_AHB_ASYNC_RESET_REG_VEC_W1_I0_0_29, 1, 1, 0, 0, 0, 0, 0, 0, 0
.	.	.	.	.	.	.	.	.	. PROC_SUBSYSTEM_MIV_RV32IMA_L1_AHB_0_MIV_RV32IMA_L1_AHB_ASYNC_RESET_REG_32, 1, 1, 0, 0, 0, 0, 0, 0, 0
.	.	.	.	.	.	.	.	. PROC_SUBSYSTEM_MIV_RV32IMA_L1_AHB_0_MIV_RV32IMA_L1_AHB_ASYNC_RESET_REG_VEC_W1_I0_0_30, 1, 1, 0, 0, 0, 0, 0, 0, 0
.	.	.	.	.	.	.	.	.	. PROC_SUBSYSTEM_MIV_RV32IMA_L1_AHB_0_MIV_RV32IMA_L1_AHB_ASYNC_RESET_REG_33, 1, 1, 0, 0, 0, 0, 0, 0, 0
.	.	.	.	.	.	.	.	. PROC_SUBSYSTEM_MIV_RV32IMA_L1_AHB_0_MIV_RV32IMA_L1_AHB_ASYNC_RESET_REG_VEC_W1_I0_4, 1, 0, 0, 0, 0, 0, 0, 0, 0
.	.	.	.	.	.	.	.	.	. PROC_SUBSYSTEM_MIV_RV32IMA_L1_AHB_0_MIV_RV32IMA_L1_AHB_ASYNC_RESET_REG_0_1, 1, 0, 0, 0, 0, 0, 0, 0, 0
.	.	.	.	.	.	. PROC_SUBSYSTEM_MIV_RV32IMA_L1_AHB_0_MIV_RV32IMA_L1_AHB_ASYNC_VALID_SYNC_4_1, 1, 1, 0, 0, 0, 0, 0, 0, 0
.	.	.	.	.	.	.	. PROC_SUBSYSTEM_MIV_RV32IMA_L1_AHB_0_MIV_RV32IMA_L1_AHB_ASYNC_RESET_SYNCHRONIZER_SHIFT_REG_W1_D1_I0_2, 1, 1, 0, 0, 0, 0, 0, 0, 0
.	.	.	.	.	.	.	.	. PROC_SUBSYSTEM_MIV_RV32IMA_L1_AHB_0_MIV_RV32IMA_L1_AHB_ASYNC_RESET_REG_VEC_W1_I0_0_31, 1, 1, 0, 0, 0, 0, 0, 0, 0
.	.	.	.	.	.	.	.	.	. PROC_SUBSYSTEM_MIV_RV32IMA_L1_AHB_0_MIV_RV32IMA_L1_AHB_ASYNC_RESET_REG_34, 1, 1, 0, 0, 0, 0, 0, 0, 0
.	.	.	.	.	.	. PROC_SUBSYSTEM_MIV_RV32IMA_L1_AHB_0_MIV_RV32IMA_L1_AHB_ASYNC_VALID_SYNC_5_1, 3, 0, 0, 0, 0, 0, 0, 0, 0
.	.	.	.	.	.	.	. PROC_SUBSYSTEM_MIV_RV32IMA_L1_AHB_0_MIV_RV32IMA_L1_AHB_ASYNC_RESET_SYNCHRONIZER_SHIFT_REG_W1_D3_I0_5, 3, 0, 0, 0, 0, 0, 0, 0, 0
.	.	.	.	.	.	.	.	. PROC_SUBSYSTEM_MIV_RV32IMA_L1_AHB_0_MIV_RV32IMA_L1_AHB_ASYNC_RESET_REG_VEC_W1_I0_0_32, 1, 0, 0, 0, 0, 0, 0, 0, 0
.	.	.	.	.	.	.	.	.	. PROC_SUBSYSTEM_MIV_RV32IMA_L1_AHB_0_MIV_RV32IMA_L1_AHB_ASYNC_RESET_REG_35, 1, 0, 0, 0, 0, 0, 0, 0, 0
.	.	.	.	.	.	.	.	. PROC_SUBSYSTEM_MIV_RV32IMA_L1_AHB_0_MIV_RV32IMA_L1_AHB_ASYNC_RESET_REG_VEC_W1_I0_0_33, 1, 0, 0, 0, 0, 0, 0, 0, 0
.	.	.	.	.	.	.	.	.	. PROC_SUBSYSTEM_MIV_RV32IMA_L1_AHB_0_MIV_RV32IMA_L1_AHB_ASYNC_RESET_REG_36, 1, 0, 0, 0, 0, 0, 0, 0, 0
.	.	.	.	.	.	.	.	. PROC_SUBSYSTEM_MIV_RV32IMA_L1_AHB_0_MIV_RV32IMA_L1_AHB_ASYNC_RESET_REG_VEC_W1_I0_0_34, 1, 0, 0, 0, 0, 0, 0, 0, 0
.	.	.	.	.	.	.	.	.	. PROC_SUBSYSTEM_MIV_RV32IMA_L1_AHB_0_MIV_RV32IMA_L1_AHB_ASYNC_RESET_REG_37, 1, 0, 0, 0, 0, 0, 0, 0, 0
.	.	.	.	.	.	. PROC_SUBSYSTEM_MIV_RV32IMA_L1_AHB_0_MIV_RV32IMA_L1_AHB_SYNCHRONIZER_SHIFT_REG_W12_D1, 12, 0, 0, 0, 0, 0, 0, 0, 0
.	.	.	.	.	. PROC_SUBSYSTEM_MIV_RV32IMA_L1_AHB_0_MIV_RV32IMA_L1_AHB_RESET_CATCH_AND_SYNC_D3_0, 3, 3, 0, 0, 0, 0, 0, 0, 0
.	.	.	.	.	.	. PROC_SUBSYSTEM_MIV_RV32IMA_L1_AHB_0_MIV_RV32IMA_L1_AHB_ASYNC_RESET_SYNCHRONIZER_SHIFT_REG_W1_D3_I0_8_4, 3, 3, 0, 0, 0, 0, 0, 0, 0
.	.	.	.	.	.	.	. PROC_SUBSYSTEM_MIV_RV32IMA_L1_AHB_0_MIV_RV32IMA_L1_AHB_ASYNC_RESET_REG_VEC_W1_I0_0_35, 1, 2, 0, 0, 0, 0, 0, 0, 0
.	.	.	.	.	.	.	.	. PROC_SUBSYSTEM_MIV_RV32IMA_L1_AHB_0_MIV_RV32IMA_L1_AHB_ASYNC_RESET_REG_38, 1, 2, 0, 0, 0, 0, 0, 0, 0
.	.	.	.	.	.	.	. PROC_SUBSYSTEM_MIV_RV32IMA_L1_AHB_0_MIV_RV32IMA_L1_AHB_ASYNC_RESET_REG_VEC_W1_I0_0_36, 1, 1, 0, 0, 0, 0, 0, 0, 0
.	.	.	.	.	.	.	.	. PROC_SUBSYSTEM_MIV_RV32IMA_L1_AHB_0_MIV_RV32IMA_L1_AHB_ASYNC_RESET_REG_39, 1, 1, 0, 0, 0, 0, 0, 0, 0
.	.	.	.	.	.	.	. PROC_SUBSYSTEM_MIV_RV32IMA_L1_AHB_0_MIV_RV32IMA_L1_AHB_ASYNC_RESET_REG_VEC_W1_I0_5, 1, 0, 0, 0, 0, 0, 0, 0, 0
.	.	.	.	.	.	.	.	. PROC_SUBSYSTEM_MIV_RV32IMA_L1_AHB_0_MIV_RV32IMA_L1_AHB_ASYNC_RESET_REG_0_2, 1, 0, 0, 0, 0, 0, 0, 0, 0
.	.	.	.	.	. PROC_SUBSYSTEM_MIV_RV32IMA_L1_AHB_0_MIV_RV32IMA_L1_AHB_TLASYNC_CROSSING_SINK_DMI_XING, 83, 4, 0, 0, 0, 0, 0, 0, 0
.	.	.	.	.	.	. PROC_SUBSYSTEM_MIV_RV32IMA_L1_AHB_0_MIV_RV32IMA_L1_AHB_ASYNC_QUEUE_SINK_1, 46, 2, 0, 0, 0, 0, 0, 0, 0
.	.	.	.	.	.	.	. PROC_SUBSYSTEM_MIV_RV32IMA_L1_AHB_0_MIV_RV32IMA_L1_AHB_ASYNC_RESET_REG_VEC_W1_I0_0, 1, 0, 0, 0, 0, 0, 0, 0, 0
.	.	.	.	.	.	.	.	. PROC_SUBSYSTEM_MIV_RV32IMA_L1_AHB_0_MIV_RV32IMA_L1_AHB_ASYNC_RESET_REG, 1, 0, 0, 0, 0, 0, 0, 0, 0
.	.	.	.	.	.	.	. PROC_SUBSYSTEM_MIV_RV32IMA_L1_AHB_0_MIV_RV32IMA_L1_AHB_ASYNC_RESET_REG_VEC_W1_I0_0_3, 1, 0, 0, 0, 0, 0, 0, 0, 0
.	.	.	.	.	.	.	.	. PROC_SUBSYSTEM_MIV_RV32IMA_L1_AHB_0_MIV_RV32IMA_L1_AHB_ASYNC_RESET_REG_6, 1, 0, 0, 0, 0, 0, 0, 0, 0
.	.	.	.	.	.	.	. PROC_SUBSYSTEM_MIV_RV32IMA_L1_AHB_0_MIV_RV32IMA_L1_AHB_ASYNC_RESET_SYNCHRONIZER_SHIFT_REG_W1_D3_I0, 3, 0, 0, 0, 0, 0, 0, 0, 0
.	.	.	.	.	.	.	.	. PROC_SUBSYSTEM_MIV_RV32IMA_L1_AHB_0_MIV_RV32IMA_L1_AHB_ASYNC_RESET_REG_VEC_W1_I0_0_0, 1, 0, 0, 0, 0, 0, 0, 0, 0
.	.	.	.	.	.	.	.	.	. PROC_SUBSYSTEM_MIV_RV32IMA_L1_AHB_0_MIV_RV32IMA_L1_AHB_ASYNC_RESET_REG_3, 1, 0, 0, 0, 0, 0, 0, 0, 0
.	.	.	.	.	.	.	.	. PROC_SUBSYSTEM_MIV_RV32IMA_L1_AHB_0_MIV_RV32IMA_L1_AHB_ASYNC_RESET_REG_VEC_W1_I0_0_1, 1, 0, 0, 0, 0, 0, 0, 0, 0
.	.	.	.	.	.	.	.	.	. PROC_SUBSYSTEM_MIV_RV32IMA_L1_AHB_0_MIV_RV32IMA_L1_AHB_ASYNC_RESET_REG_4, 1, 0, 0, 0, 0, 0, 0, 0, 0
.	.	.	.	.	.	.	.	. PROC_SUBSYSTEM_MIV_RV32IMA_L1_AHB_0_MIV_RV32IMA_L1_AHB_ASYNC_RESET_REG_VEC_W1_I0_0_2, 1, 0, 0, 0, 0, 0, 0, 0, 0
.	.	.	.	.	.	.	.	.	. PROC_SUBSYSTEM_MIV_RV32IMA_L1_AHB_0_MIV_RV32IMA_L1_AHB_ASYNC_RESET_REG_5, 1, 0, 0, 0, 0, 0, 0, 0, 0
.	.	.	.	.	.	.	. PROC_SUBSYSTEM_MIV_RV32IMA_L1_AHB_0_MIV_RV32IMA_L1_AHB_SYNCHRONIZER_SHIFT_REG_W54_D1, 41, 0, 0, 0, 0, 0, 0, 0, 0
.	.	.	.	.	.	. PROC_SUBSYSTEM_MIV_RV32IMA_L1_AHB_0_MIV_RV32IMA_L1_AHB_ASYNC_QUEUE_SOURCE_2, 37, 2, 0, 0, 0, 0, 0, 0, 0
.	.	.	.	.	.	.	. PROC_SUBSYSTEM_MIV_RV32IMA_L1_AHB_0_MIV_RV32IMA_L1_AHB_ASYNC_RESET_REG_VEC_W1_I0_0_11, 1, 0, 0, 0, 0, 0, 0, 0, 0
.	.	.	.	.	.	.	.	. PROC_SUBSYSTEM_MIV_RV32IMA_L1_AHB_0_MIV_RV32IMA_L1_AHB_ASYNC_RESET_REG_14, 1, 0, 0, 0, 0, 0, 0, 0, 0
.	.	.	.	.	.	.	. PROC_SUBSYSTEM_MIV_RV32IMA_L1_AHB_0_MIV_RV32IMA_L1_AHB_ASYNC_RESET_REG_VEC_W1_I0_0_15, 1, 0, 0, 0, 0, 0, 0, 0, 0
.	.	.	.	.	.	.	.	. PROC_SUBSYSTEM_MIV_RV32IMA_L1_AHB_0_MIV_RV32IMA_L1_AHB_ASYNC_RESET_REG_18, 1, 0, 0, 0, 0, 0, 0, 0, 0
.	.	.	.	.	.	.	. PROC_SUBSYSTEM_MIV_RV32IMA_L1_AHB_0_MIV_RV32IMA_L1_AHB_ASYNC_RESET_SYNCHRONIZER_SHIFT_REG_W1_D3_I0_2, 3, 0, 0, 0, 0, 0, 0, 0, 0
.	.	.	.	.	.	.	.	. PROC_SUBSYSTEM_MIV_RV32IMA_L1_AHB_0_MIV_RV32IMA_L1_AHB_ASYNC_RESET_REG_VEC_W1_I0_0_12, 1, 0, 0, 0, 0, 0, 0, 0, 0
.	.	.	.	.	.	.	.	.	. PROC_SUBSYSTEM_MIV_RV32IMA_L1_AHB_0_MIV_RV32IMA_L1_AHB_ASYNC_RESET_REG_15, 1, 0, 0, 0, 0, 0, 0, 0, 0
.	.	.	.	.	.	.	.	. PROC_SUBSYSTEM_MIV_RV32IMA_L1_AHB_0_MIV_RV32IMA_L1_AHB_ASYNC_RESET_REG_VEC_W1_I0_0_13, 1, 0, 0, 0, 0, 0, 0, 0, 0
.	.	.	.	.	.	.	.	.	. PROC_SUBSYSTEM_MIV_RV32IMA_L1_AHB_0_MIV_RV32IMA_L1_AHB_ASYNC_RESET_REG_16, 1, 0, 0, 0, 0, 0, 0, 0, 0
.	.	.	.	.	.	.	.	. PROC_SUBSYSTEM_MIV_RV32IMA_L1_AHB_0_MIV_RV32IMA_L1_AHB_ASYNC_RESET_REG_VEC_W1_I0_0_14, 1, 0, 0, 0, 0, 0, 0, 0, 0
.	.	.	.	.	.	.	.	.	. PROC_SUBSYSTEM_MIV_RV32IMA_L1_AHB_0_MIV_RV32IMA_L1_AHB_ASYNC_RESET_REG_17, 1, 0, 0, 0, 0, 0, 0, 0, 0
.	.	.	.	.	. PROC_SUBSYSTEM_MIV_RV32IMA_L1_AHB_0_MIV_RV32IMA_L1_AHB_TLDEBUG_MODULE_INNER_DM_INNER, 563, 1716, 18, 0, 0, 0, 0, 0, 0
.	.	.	.	. PROC_SUBSYSTEM_MIV_RV32IMA_L1_AHB_0_MIV_RV32IMA_L1_AHB_TLDEBUG_MODULE_OUTER_ASYNC_DM_OUTER, 125, 74, 0, 0, 0, 0, 0, 0, 0
.	.	.	.	.	. PROC_SUBSYSTEM_MIV_RV32IMA_L1_AHB_0_MIV_RV32IMA_L1_AHB_ASYNC_QUEUE_SOURCE_1, 19, 6, 0, 0, 0, 0, 0, 0, 0
.	.	.	.	.	.	. PROC_SUBSYSTEM_MIV_RV32IMA_L1_AHB_0_MIV_RV32IMA_L1_AHB_ASYNC_RESET_REG_VEC_W1_I0_2_24, 1, 1, 0, 0, 0, 0, 0, 0, 0
.	.	.	.	.	.	.	. PROC_SUBSYSTEM_MIV_RV32IMA_L1_AHB_0_MIV_RV32IMA_L1_AHB_ASYNC_RESET_REG_2_56, 1, 1, 0, 0, 0, 0, 0, 0, 0
.	.	.	.	.	.	. PROC_SUBSYSTEM_MIV_RV32IMA_L1_AHB_0_MIV_RV32IMA_L1_AHB_ASYNC_RESET_REG_VEC_W1_I0_2_28, 1, 0, 0, 0, 0, 0, 0, 0, 0
.	.	.	.	.	.	.	. PROC_SUBSYSTEM_MIV_RV32IMA_L1_AHB_0_MIV_RV32IMA_L1_AHB_ASYNC_RESET_REG_2_60, 1, 0, 0, 0, 0, 0, 0, 0, 0
.	.	.	.	.	.	. PROC_SUBSYSTEM_MIV_RV32IMA_L1_AHB_0_MIV_RV32IMA_L1_AHB_ASYNC_RESET_SYNCHRONIZER_SHIFT_REG_W1_D3_I0_0_3, 3, 0, 0, 0, 0, 0, 0, 0, 0
.	.	.	.	.	.	.	. PROC_SUBSYSTEM_MIV_RV32IMA_L1_AHB_0_MIV_RV32IMA_L1_AHB_ASYNC_RESET_REG_VEC_W1_I0_2_25, 1, 0, 0, 0, 0, 0, 0, 0, 0
.	.	.	.	.	.	.	.	. PROC_SUBSYSTEM_MIV_RV32IMA_L1_AHB_0_MIV_RV32IMA_L1_AHB_ASYNC_RESET_REG_2_57, 1, 0, 0, 0, 0, 0, 0, 0, 0
.	.	.	.	.	.	.	. PROC_SUBSYSTEM_MIV_RV32IMA_L1_AHB_0_MIV_RV32IMA_L1_AHB_ASYNC_RESET_REG_VEC_W1_I0_2_26, 1, 0, 0, 0, 0, 0, 0, 0, 0
.	.	.	.	.	.	.	.	. PROC_SUBSYSTEM_MIV_RV32IMA_L1_AHB_0_MIV_RV32IMA_L1_AHB_ASYNC_RESET_REG_2_58, 1, 0, 0, 0, 0, 0, 0, 0, 0
.	.	.	.	.	.	.	. PROC_SUBSYSTEM_MIV_RV32IMA_L1_AHB_0_MIV_RV32IMA_L1_AHB_ASYNC_RESET_REG_VEC_W1_I0_2_27, 1, 0, 0, 0, 0, 0, 0, 0, 0
.	.	.	.	.	.	.	.	. PROC_SUBSYSTEM_MIV_RV32IMA_L1_AHB_0_MIV_RV32IMA_L1_AHB_ASYNC_RESET_REG_2_59, 1, 0, 0, 0, 0, 0, 0, 0, 0
.	.	.	.	.	.	. PROC_SUBSYSTEM_MIV_RV32IMA_L1_AHB_0_MIV_RV32IMA_L1_AHB_ASYNC_VALID_SYNC_0, 0, 3, 0, 0, 0, 0, 0, 0, 0
.	.	.	.	.	.	.	. PROC_SUBSYSTEM_MIV_RV32IMA_L1_AHB_0_MIV_RV32IMA_L1_AHB_ASYNC_RESET_SYNCHRONIZER_SHIFT_REG_W1_D4_I0_0_1, 0, 3, 0, 0, 0, 0, 0, 0, 0
.	.	.	.	.	.	.	.	. PROC_SUBSYSTEM_MIV_RV32IMA_L1_AHB_0_MIV_RV32IMA_L1_AHB_ASYNC_RESET_REG_VEC_W1_I0_2_29, 0, 1, 0, 0, 0, 0, 0, 0, 0
.	.	.	.	.	.	.	.	.	. PROC_SUBSYSTEM_MIV_RV32IMA_L1_AHB_0_MIV_RV32IMA_L1_AHB_ASYNC_RESET_REG_2_61, 0, 1, 0, 0, 0, 0, 0, 0, 0
.	.	.	.	.	.	.	.	. PROC_SUBSYSTEM_MIV_RV32IMA_L1_AHB_0_MIV_RV32IMA_L1_AHB_ASYNC_RESET_REG_VEC_W1_I0_2_30, 0, 1, 0, 0, 0, 0, 0, 0, 0
.	.	.	.	.	.	.	.	.	. PROC_SUBSYSTEM_MIV_RV32IMA_L1_AHB_0_MIV_RV32IMA_L1_AHB_ASYNC_RESET_REG_2_62, 0, 1, 0, 0, 0, 0, 0, 0, 0
.	.	.	.	.	.	.	.	. PROC_SUBSYSTEM_MIV_RV32IMA_L1_AHB_0_MIV_RV32IMA_L1_AHB_ASYNC_RESET_REG_VEC_W1_I0_2_31, 0, 1, 0, 0, 0, 0, 0, 0, 0
.	.	.	.	.	.	.	.	.	. PROC_SUBSYSTEM_MIV_RV32IMA_L1_AHB_0_MIV_RV32IMA_L1_AHB_ASYNC_RESET_REG_2_63, 0, 1, 0, 0, 0, 0, 0, 0, 0
.	.	.	.	.	.	. PROC_SUBSYSTEM_MIV_RV32IMA_L1_AHB_0_MIV_RV32IMA_L1_AHB_ASYNC_VALID_SYNC_1_0, 1, 0, 0, 0, 0, 0, 0, 0, 0
.	.	.	.	.	.	.	. PROC_SUBSYSTEM_MIV_RV32IMA_L1_AHB_0_MIV_RV32IMA_L1_AHB_ASYNC_RESET_SYNCHRONIZER_SHIFT_REG_W1_D1_I0_0_1, 1, 0, 0, 0, 0, 0, 0, 0, 0
.	.	.	.	.	.	.	.	. PROC_SUBSYSTEM_MIV_RV32IMA_L1_AHB_0_MIV_RV32IMA_L1_AHB_ASYNC_RESET_REG_VEC_W1_I0_2_32, 1, 0, 0, 0, 0, 0, 0, 0, 0
.	.	.	.	.	.	.	.	.	. PROC_SUBSYSTEM_MIV_RV32IMA_L1_AHB_0_MIV_RV32IMA_L1_AHB_ASYNC_RESET_REG_2_64, 1, 0, 0, 0, 0, 0, 0, 0, 0
.	.	.	.	.	.	. PROC_SUBSYSTEM_MIV_RV32IMA_L1_AHB_0_MIV_RV32IMA_L1_AHB_ASYNC_VALID_SYNC_2_0_0, 1, 0, 0, 0, 0, 0, 0, 0, 0
.	.	.	.	.	.	.	. PROC_SUBSYSTEM_MIV_RV32IMA_L1_AHB_0_MIV_RV32IMA_L1_AHB_ASYNC_RESET_SYNCHRONIZER_SHIFT_REG_W1_D3_I0_0_4, 1, 0, 0, 0, 0, 0, 0, 0, 0
.	.	.	.	.	.	.	.	. PROC_SUBSYSTEM_MIV_RV32IMA_L1_AHB_0_MIV_RV32IMA_L1_AHB_ASYNC_RESET_REG_VEC_W1_I0_2_34, 1, 0, 0, 0, 0, 0, 0, 0, 0
.	.	.	.	.	.	.	.	.	. PROC_SUBSYSTEM_MIV_RV32IMA_L1_AHB_0_MIV_RV32IMA_L1_AHB_ASYNC_RESET_REG_2_66, 1, 0, 0, 0, 0, 0, 0, 0, 0
.	.	.	.	.	. PROC_SUBSYSTEM_MIV_RV32IMA_L1_AHB_0_MIV_RV32IMA_L1_AHB_DMITO_TL_DMI2TL, 0, 3, 0, 0, 0, 0, 0, 0, 0
.	.	.	.	.	. PROC_SUBSYSTEM_MIV_RV32IMA_L1_AHB_0_MIV_RV32IMA_L1_AHB_TLASYNC_CROSSING_SOURCE_DM_INNER, 89, 9, 0, 0, 0, 0, 0, 0, 0
.	.	.	.	.	.	. PROC_SUBSYSTEM_MIV_RV32IMA_L1_AHB_0_MIV_RV32IMA_L1_AHB_ASYNC_QUEUE_SINK, 43, 5, 0, 0, 0, 0, 0, 0, 0
.	.	.	.	.	.	.	. PROC_SUBSYSTEM_MIV_RV32IMA_L1_AHB_0_MIV_RV32IMA_L1_AHB_ASYNC_RESET_REG_VEC_W1_I0_2_12, 1, 0, 0, 0, 0, 0, 0, 0, 0
.	.	.	.	.	.	.	.	. PROC_SUBSYSTEM_MIV_RV32IMA_L1_AHB_0_MIV_RV32IMA_L1_AHB_ASYNC_RESET_REG_2_44, 1, 0, 0, 0, 0, 0, 0, 0, 0
.	.	.	.	.	.	.	. PROC_SUBSYSTEM_MIV_RV32IMA_L1_AHB_0_MIV_RV32IMA_L1_AHB_ASYNC_RESET_REG_VEC_W1_I0_2_16, 1, 0, 0, 0, 0, 0, 0, 0, 0
.	.	.	.	.	.	.	.	. PROC_SUBSYSTEM_MIV_RV32IMA_L1_AHB_0_MIV_RV32IMA_L1_AHB_ASYNC_RESET_REG_2_48, 1, 0, 0, 0, 0, 0, 0, 0, 0
.	.	.	.	.	.	.	. PROC_SUBSYSTEM_MIV_RV32IMA_L1_AHB_0_MIV_RV32IMA_L1_AHB_ASYNC_RESET_SYNCHRONIZER_SHIFT_REG_W1_D3_I0_0_1, 3, 0, 0, 0, 0, 0, 0, 0, 0
.	.	.	.	.	.	.	.	. PROC_SUBSYSTEM_MIV_RV32IMA_L1_AHB_0_MIV_RV32IMA_L1_AHB_ASYNC_RESET_REG_VEC_W1_I0_2_13, 1, 0, 0, 0, 0, 0, 0, 0, 0
.	.	.	.	.	.	.	.	.	. PROC_SUBSYSTEM_MIV_RV32IMA_L1_AHB_0_MIV_RV32IMA_L1_AHB_ASYNC_RESET_REG_2_45, 1, 0, 0, 0, 0, 0, 0, 0, 0
.	.	.	.	.	.	.	.	. PROC_SUBSYSTEM_MIV_RV32IMA_L1_AHB_0_MIV_RV32IMA_L1_AHB_ASYNC_RESET_REG_VEC_W1_I0_2_14, 1, 0, 0, 0, 0, 0, 0, 0, 0
.	.	.	.	.	.	.	.	.	. PROC_SUBSYSTEM_MIV_RV32IMA_L1_AHB_0_MIV_RV32IMA_L1_AHB_ASYNC_RESET_REG_2_46, 1, 0, 0, 0, 0, 0, 0, 0, 0
.	.	.	.	.	.	.	.	. PROC_SUBSYSTEM_MIV_RV32IMA_L1_AHB_0_MIV_RV32IMA_L1_AHB_ASYNC_RESET_REG_VEC_W1_I0_2_15, 1, 0, 0, 0, 0, 0, 0, 0, 0
.	.	.	.	.	.	.	.	.	. PROC_SUBSYSTEM_MIV_RV32IMA_L1_AHB_0_MIV_RV32IMA_L1_AHB_ASYNC_RESET_REG_2_47, 1, 0, 0, 0, 0, 0, 0, 0, 0
.	.	.	.	.	.	.	. PROC_SUBSYSTEM_MIV_RV32IMA_L1_AHB_0_MIV_RV32IMA_L1_AHB_ASYNC_VALID_SYNC_3_0, 4, 0, 0, 0, 0, 0, 0, 0, 0
.	.	.	.	.	.	.	.	. PROC_SUBSYSTEM_MIV_RV32IMA_L1_AHB_0_MIV_RV32IMA_L1_AHB_ASYNC_RESET_SYNCHRONIZER_SHIFT_REG_W1_D4_I0_0_0, 4, 0, 0, 0, 0, 0, 0, 0, 0
.	.	.	.	.	.	.	.	.	. PROC_SUBSYSTEM_MIV_RV32IMA_L1_AHB_0_MIV_RV32IMA_L1_AHB_ASYNC_RESET_REG_VEC_W1_I0_1_0, 1, 0, 0, 0, 0, 0, 0, 0, 0
.	.	.	.	.	.	.	.	.	.	. PROC_SUBSYSTEM_MIV_RV32IMA_L1_AHB_0_MIV_RV32IMA_L1_AHB_ASYNC_RESET_REG_1_0, 1, 0, 0, 0, 0, 0, 0, 0, 0
.	.	.	.	.	.	.	.	.	. PROC_SUBSYSTEM_MIV_RV32IMA_L1_AHB_0_MIV_RV32IMA_L1_AHB_ASYNC_RESET_REG_VEC_W1_I0_2_17, 1, 0, 0, 0, 0, 0, 0, 0, 0
.	.	.	.	.	.	.	.	.	.	. PROC_SUBSYSTEM_MIV_RV32IMA_L1_AHB_0_MIV_RV32IMA_L1_AHB_ASYNC_RESET_REG_2_49, 1, 0, 0, 0, 0, 0, 0, 0, 0
.	.	.	.	.	.	.	.	.	. PROC_SUBSYSTEM_MIV_RV32IMA_L1_AHB_0_MIV_RV32IMA_L1_AHB_ASYNC_RESET_REG_VEC_W1_I0_2_18, 1, 0, 0, 0, 0, 0, 0, 0, 0
.	.	.	.	.	.	.	.	.	.	. PROC_SUBSYSTEM_MIV_RV32IMA_L1_AHB_0_MIV_RV32IMA_L1_AHB_ASYNC_RESET_REG_2_50, 1, 0, 0, 0, 0, 0, 0, 0, 0
.	.	.	.	.	.	.	.	.	. PROC_SUBSYSTEM_MIV_RV32IMA_L1_AHB_0_MIV_RV32IMA_L1_AHB_ASYNC_RESET_REG_VEC_W1_I0_2_19, 1, 0, 0, 0, 0, 0, 0, 0, 0
.	.	.	.	.	.	.	.	.	.	. PROC_SUBSYSTEM_MIV_RV32IMA_L1_AHB_0_MIV_RV32IMA_L1_AHB_ASYNC_RESET_REG_2_51, 1, 0, 0, 0, 0, 0, 0, 0, 0
.	.	.	.	.	.	.	. PROC_SUBSYSTEM_MIV_RV32IMA_L1_AHB_0_MIV_RV32IMA_L1_AHB_ASYNC_VALID_SYNC_4_0, 0, 1, 0, 0, 0, 0, 0, 0, 0
.	.	.	.	.	.	.	.	. PROC_SUBSYSTEM_MIV_RV32IMA_L1_AHB_0_MIV_RV32IMA_L1_AHB_ASYNC_RESET_SYNCHRONIZER_SHIFT_REG_W1_D1_I0_0_0, 0, 1, 0, 0, 0, 0, 0, 0, 0
.	.	.	.	.	.	.	.	.	. PROC_SUBSYSTEM_MIV_RV32IMA_L1_AHB_0_MIV_RV32IMA_L1_AHB_ASYNC_RESET_REG_VEC_W1_I0_2_20, 0, 1, 0, 0, 0, 0, 0, 0, 0
.	.	.	.	.	.	.	.	.	.	. PROC_SUBSYSTEM_MIV_RV32IMA_L1_AHB_0_MIV_RV32IMA_L1_AHB_ASYNC_RESET_REG_2_52, 0, 1, 0, 0, 0, 0, 0, 0, 0
.	.	.	.	.	.	.	. PROC_SUBSYSTEM_MIV_RV32IMA_L1_AHB_0_MIV_RV32IMA_L1_AHB_ASYNC_VALID_SYNC_5_0, 2, 0, 0, 0, 0, 0, 0, 0, 0
.	.	.	.	.	.	.	.	. PROC_SUBSYSTEM_MIV_RV32IMA_L1_AHB_0_MIV_RV32IMA_L1_AHB_ASYNC_RESET_SYNCHRONIZER_SHIFT_REG_W1_D3_I0_0_2, 2, 0, 0, 0, 0, 0, 0, 0, 0
.	.	.	.	.	.	.	.	.	. PROC_SUBSYSTEM_MIV_RV32IMA_L1_AHB_0_MIV_RV32IMA_L1_AHB_ASYNC_RESET_REG_VEC_W1_I0_2_21, 1, 0, 0, 0, 0, 0, 0, 0, 0
.	.	.	.	.	.	.	.	.	.	. PROC_SUBSYSTEM_MIV_RV32IMA_L1_AHB_0_MIV_RV32IMA_L1_AHB_ASYNC_RESET_REG_2_53, 1, 0, 0, 0, 0, 0, 0, 0, 0
.	.	.	.	.	.	.	.	.	. PROC_SUBSYSTEM_MIV_RV32IMA_L1_AHB_0_MIV_RV32IMA_L1_AHB_ASYNC_RESET_REG_VEC_W1_I0_2_23, 1, 0, 0, 0, 0, 0, 0, 0, 0
.	.	.	.	.	.	.	.	.	.	. PROC_SUBSYSTEM_MIV_RV32IMA_L1_AHB_0_MIV_RV32IMA_L1_AHB_ASYNC_RESET_REG_2_55, 1, 0, 0, 0, 0, 0, 0, 0, 0
.	.	.	.	.	.	.	. PROC_SUBSYSTEM_MIV_RV32IMA_L1_AHB_0_MIV_RV32IMA_L1_AHB_SYNCHRONIZER_SHIFT_REG_W42_D1, 32, 0, 0, 0, 0, 0, 0, 0, 0
.	.	.	.	.	.	. PROC_SUBSYSTEM_MIV_RV32IMA_L1_AHB_0_MIV_RV32IMA_L1_AHB_ASYNC_QUEUE_SOURCE, 46, 4, 0, 0, 0, 0, 0, 0, 0
.	.	.	.	.	.	.	. PROC_SUBSYSTEM_MIV_RV32IMA_L1_AHB_0_MIV_RV32IMA_L1_AHB_ASYNC_RESET_REG_VEC_W1_I0_2_0, 1, 0, 0, 0, 0, 0, 0, 0, 0
.	.	.	.	.	.	.	.	. PROC_SUBSYSTEM_MIV_RV32IMA_L1_AHB_0_MIV_RV32IMA_L1_AHB_ASYNC_RESET_REG_2_32, 1, 0, 0, 0, 0, 0, 0, 0, 0
.	.	.	.	.	.	.	. PROC_SUBSYSTEM_MIV_RV32IMA_L1_AHB_0_MIV_RV32IMA_L1_AHB_ASYNC_RESET_REG_VEC_W1_I0_2_4, 1, 1, 0, 0, 0, 0, 0, 0, 0
.	.	.	.	.	.	.	.	. PROC_SUBSYSTEM_MIV_RV32IMA_L1_AHB_0_MIV_RV32IMA_L1_AHB_ASYNC_RESET_REG_2_36, 1, 1, 0, 0, 0, 0, 0, 0, 0
.	.	.	.	.	.	.	. PROC_SUBSYSTEM_MIV_RV32IMA_L1_AHB_0_MIV_RV32IMA_L1_AHB_ASYNC_RESET_SYNCHRONIZER_SHIFT_REG_W1_D3_I0_0, 3, 0, 0, 0, 0, 0, 0, 0, 0
.	.	.	.	.	.	.	.	. PROC_SUBSYSTEM_MIV_RV32IMA_L1_AHB_0_MIV_RV32IMA_L1_AHB_ASYNC_RESET_REG_VEC_W1_I0_2_1, 1, 0, 0, 0, 0, 0, 0, 0, 0
.	.	.	.	.	.	.	.	.	. PROC_SUBSYSTEM_MIV_RV32IMA_L1_AHB_0_MIV_RV32IMA_L1_AHB_ASYNC_RESET_REG_2_33, 1, 0, 0, 0, 0, 0, 0, 0, 0
.	.	.	.	.	.	.	.	. PROC_SUBSYSTEM_MIV_RV32IMA_L1_AHB_0_MIV_RV32IMA_L1_AHB_ASYNC_RESET_REG_VEC_W1_I0_2_2, 1, 0, 0, 0, 0, 0, 0, 0, 0
.	.	.	.	.	.	.	.	.	. PROC_SUBSYSTEM_MIV_RV32IMA_L1_AHB_0_MIV_RV32IMA_L1_AHB_ASYNC_RESET_REG_2_34, 1, 0, 0, 0, 0, 0, 0, 0, 0
.	.	.	.	.	.	.	.	. PROC_SUBSYSTEM_MIV_RV32IMA_L1_AHB_0_MIV_RV32IMA_L1_AHB_ASYNC_RESET_REG_VEC_W1_I0_2_3, 1, 0, 0, 0, 0, 0, 0, 0, 0
.	.	.	.	.	.	.	.	.	. PROC_SUBSYSTEM_MIV_RV32IMA_L1_AHB_0_MIV_RV32IMA_L1_AHB_ASYNC_RESET_REG_2_35, 1, 0, 0, 0, 0, 0, 0, 0, 0
.	.	.	.	.	. PROC_SUBSYSTEM_MIV_RV32IMA_L1_AHB_0_MIV_RV32IMA_L1_AHB_TLDEBUG_MODULE_OUTER_DM_OUTER, 16, 29, 0, 0, 0, 0, 0, 0, 0
.	.	.	.	.	.	. PROC_SUBSYSTEM_MIV_RV32IMA_L1_AHB_0_MIV_RV32IMA_L1_AHB_ASYNC_RESET_REG_VEC_W1_I0_2, 1, 7, 0, 0, 0, 0, 0, 0, 0
.	.	.	.	.	.	.	. PROC_SUBSYSTEM_MIV_RV32IMA_L1_AHB_0_MIV_RV32IMA_L1_AHB_ASYNC_RESET_REG_2_31, 1, 7, 0, 0, 0, 0, 0, 0, 0
.	.	.	.	.	.	. PROC_SUBSYSTEM_MIV_RV32IMA_L1_AHB_0_MIV_RV32IMA_L1_AHB_ASYNC_RESET_REG_VEC_W32_I0, 15, 5, 0, 0, 0, 0, 0, 0, 0
.	.	.	.	.	.	.	. PROC_SUBSYSTEM_MIV_RV32IMA_L1_AHB_0_MIV_RV32IMA_L1_AHB_ASYNC_RESET_REG_2, 1, 1, 0, 0, 0, 0, 0, 0, 0
.	.	.	.	.	.	.	. PROC_SUBSYSTEM_MIV_RV32IMA_L1_AHB_0_MIV_RV32IMA_L1_AHB_ASYNC_RESET_REG_2_0, 1, 2, 0, 0, 0, 0, 0, 0, 0
.	.	.	.	.	.	.	. PROC_SUBSYSTEM_MIV_RV32IMA_L1_AHB_0_MIV_RV32IMA_L1_AHB_ASYNC_RESET_REG_2_15, 1, 0, 0, 0, 0, 0, 0, 0, 0
.	.	.	.	.	.	.	. PROC_SUBSYSTEM_MIV_RV32IMA_L1_AHB_0_MIV_RV32IMA_L1_AHB_ASYNC_RESET_REG_2_16, 1, 0, 0, 0, 0, 0, 0, 0, 0
.	.	.	.	.	.	.	. PROC_SUBSYSTEM_MIV_RV32IMA_L1_AHB_0_MIV_RV32IMA_L1_AHB_ASYNC_RESET_REG_2_17, 1, 0, 0, 0, 0, 0, 0, 0, 0
.	.	.	.	.	.	.	. PROC_SUBSYSTEM_MIV_RV32IMA_L1_AHB_0_MIV_RV32IMA_L1_AHB_ASYNC_RESET_REG_2_18, 1, 0, 0, 0, 0, 0, 0, 0, 0
.	.	.	.	.	.	.	. PROC_SUBSYSTEM_MIV_RV32IMA_L1_AHB_0_MIV_RV32IMA_L1_AHB_ASYNC_RESET_REG_2_19, 1, 0, 0, 0, 0, 0, 0, 0, 0
.	.	.	.	.	.	.	. PROC_SUBSYSTEM_MIV_RV32IMA_L1_AHB_0_MIV_RV32IMA_L1_AHB_ASYNC_RESET_REG_2_20, 1, 0, 0, 0, 0, 0, 0, 0, 0
.	.	.	.	.	.	.	. PROC_SUBSYSTEM_MIV_RV32IMA_L1_AHB_0_MIV_RV32IMA_L1_AHB_ASYNC_RESET_REG_2_21, 1, 0, 0, 0, 0, 0, 0, 0, 0
.	.	.	.	.	.	.	. PROC_SUBSYSTEM_MIV_RV32IMA_L1_AHB_0_MIV_RV32IMA_L1_AHB_ASYNC_RESET_REG_2_22, 1, 0, 0, 0, 0, 0, 0, 0, 0
.	.	.	.	.	.	.	. PROC_SUBSYSTEM_MIV_RV32IMA_L1_AHB_0_MIV_RV32IMA_L1_AHB_ASYNC_RESET_REG_2_23, 1, 0, 0, 0, 0, 0, 0, 0, 0
.	.	.	.	.	.	.	. PROC_SUBSYSTEM_MIV_RV32IMA_L1_AHB_0_MIV_RV32IMA_L1_AHB_ASYNC_RESET_REG_2_24, 1, 0, 0, 0, 0, 0, 0, 0, 0
.	.	.	.	.	.	.	. PROC_SUBSYSTEM_MIV_RV32IMA_L1_AHB_0_MIV_RV32IMA_L1_AHB_ASYNC_RESET_REG_2_27, 1, 0, 0, 0, 0, 0, 0, 0, 0
.	.	.	.	.	.	.	. PROC_SUBSYSTEM_MIV_RV32IMA_L1_AHB_0_MIV_RV32IMA_L1_AHB_ASYNC_RESET_REG_2_29, 1, 1, 0, 0, 0, 0, 0, 0, 0
.	.	.	.	.	.	.	. PROC_SUBSYSTEM_MIV_RV32IMA_L1_AHB_0_MIV_RV32IMA_L1_AHB_ASYNC_RESET_REG_2_30, 1, 1, 0, 0, 0, 0, 0, 0, 0
.	.	.	.	.	. PROC_SUBSYSTEM_MIV_RV32IMA_L1_AHB_0_MIV_RV32IMA_L1_AHB_TLXBAR_DMI_XBAR, 1, 27, 0, 0, 0, 0, 0, 0, 0
.	.	.	. PROC_SUBSYSTEM_MIV_RV32IMA_L1_AHB_0_MIV_RV32IMA_L1_AHB_TLERROR_ERROR, 41, 57, 31, 0, 0, 0, 0, 0, 0
.	.	.	.	. PROC_SUBSYSTEM_MIV_RV32IMA_L1_AHB_0_MIV_RV32IMA_L1_AHB_QUEUE_18, 10, 3, 0, 0, 0, 0, 0, 0, 0
.	.	.	. PROC_SUBSYSTEM_MIV_RV32IMA_L1_AHB_0_MIV_RV32IMA_L1_AHB_TLPLIC_PLIC, 139, 238, 0, 0, 0, 0, 0, 0, 0
.	.	.	.	. PROC_SUBSYSTEM_MIV_RV32IMA_L1_AHB_0_MIV_RV32IMA_L1_AHB_QUEUE_10, 70, 4, 0, 0, 0, 0, 0, 0, 0
.	.	.	. PROC_SUBSYSTEM_MIV_RV32IMA_L1_AHB_0_MIV_RV32IMA_L1_AHB_TLTO_AHB, 201, 206, 0, 0, 0, 0, 0, 0, 0
.	.	.	.	. PROC_SUBSYSTEM_MIV_RV32IMA_L1_AHB_0_MIV_RV32IMA_L1_AHB_QUEUE_16_0, 83, 89, 0, 0, 0, 0, 0, 0, 0
.	.	.	. PROC_SUBSYSTEM_MIV_RV32IMA_L1_AHB_0_MIV_RV32IMA_L1_AHB_TLTO_AHB_CONVERTER, 203, 214, 0, 0, 0, 0, 0, 0, 0
.	.	.	.	. PROC_SUBSYSTEM_MIV_RV32IMA_L1_AHB_0_MIV_RV32IMA_L1_AHB_QUEUE_16, 83, 100, 0, 0, 0, 0, 0, 0, 0