<?xml version="1.0" encoding="UTF-8" standalone="no" ?><toolSetting xmlns="http://actel.com/sweng/afi" component="HPMS_0" xmlns:actel-cc="http://www.actel.com/XMLSchema/CoreConsole" xmlns:spirit="http://www.spiritconsortium.org/XMLSchema/SPIRIT/1.1"><device VendorTechnology_Die="PA4MGL2500_N" VendorTechnology_DieVoltage="1.2" VendorTechnology_Family="IGLOO2" VendorTechnology_PART_RANGE="COM" VendorTechnology_Package="vf256" VendorTechnology_Speed="STD"><advancedoptions DSW_VCCA_VOLTAGE_RAMP_RATE="100_MS" IO_DEFT_STD="LVCMOS25" PLL_SUPPLY="PLL_SUPPLY_25" RESERVEMIGRATIONPINS="1" RESTRICTPROBEPINS="1" RESTRICTSPIPINS="0" SYSTEM_CONTROLLER_SUSPEND_MODE="0" TARGETDEVICESFORMIGRATION="PA4MGL2500_N" TEMPR="COM" UNUSED_MSS_IO_RESISTOR_PULL="None" VCCI_1.2_VOLTR="COM" VCCI_1.5_VOLTR="COM" VCCI_1.8_VOLTR="COM" VCCI_2.5_VOLTR="COM" VCCI_3.3_VOLTR="COM" VOLTR="COM"/></device><tool Constraint_Default="true" Simulation_Default="true" Source_Default="true" Stimulus_Default="true" internal_name="USER_PROG_DATA" library="Tool" name="UserProgrammingDataTool" state="0" vendor="Actel" version="1.0.100"><configuration><spirit:hwParameter spirit:name="design_version"/><spirit:hwParameter spirit:name="silicon_signature"/></configuration><input_files/><output_files/><report_files/></tool><tool Constraint_Default="true" Simulation_Default="true" Source_Default="true" Stimulus_Default="true" internal_name="UPDATE_ENVM" library="Tool" name="UpdateEnvm" state="0" vendor="Actel" version="1.0.101"><configuration><spirit:hwParameter spirit:name="envm_cfg_file"/></configuration><input_files/><output_files/><report_files/></tool><tool Constraint_Default="true" Simulation_Default="true" Source_Default="true" Stimulus_Default="true" internal_name="SYSTEMBUILDER" library="Tool" name="SysBuilder" state="0" vendor="Actel" version="1.0.100"><configuration/><input_files/><output_files/><report_files/></tool><tool Constraint_Default="true" Simulation_Default="true" Source_Default="true" Stimulus_Default="true" internal_name="SYNTHESIZE_PS" library="Tool" name="Precision" state="0" vendor="Mentor" version="1.0.100"><configuration/><input_files/><output_files/><report_files/></tool><tool Constraint_Default="false" Simulation_Default="true" Source_Default="true" Stimulus_Default="true" internal_name="SYNTHESIZE" library="Tool" name="Synthesize" state="1" vendor="Synopsys" version="1.1.102"><configuration><spirit:hwParameter spirit:name="BLOCK_MODE">false</spirit:hwParameter><spirit:hwParameter spirit:name="BLOCK_PLACEMENT_CONFLICTS">ERROR</spirit:hwParameter><spirit:hwParameter spirit:name="BLOCK_ROUTING_CONFLICTS">LOCK</spirit:hwParameter><spirit:hwParameter spirit:name="CLOCK_ASYNC">12</spirit:hwParameter><spirit:hwParameter spirit:name="CLOCK_DATA">5000</spirit:hwParameter><spirit:hwParameter spirit:name="CLOCK_GLOBAL">2</spirit:hwParameter><spirit:hwParameter spirit:name="PA4_GB_COUNT"/><spirit:hwParameter spirit:name="PA4_GB_MAX_RCLKINT_INSERTION"/><spirit:hwParameter spirit:name="PA4_GB_MIN_GB_FANOUT_TO_USE_RCLKINT"/><spirit:hwParameter spirit:name="RAM_OPTIMIZED_FOR_POWER">false</spirit:hwParameter><spirit:hwParameter spirit:name="RETIMING">false</spirit:hwParameter><spirit:hwParameter spirit:name="SYNPLIFY_OPTIONS"/><spirit:hwParameter spirit:name="SYNPLIFY_TCL_FILE"/></configuration><input_files><file><path>component\Actel\DirectCore\CoreAHBLite\5.2.100\rtl\vlog\core\coreahblite.v</path><type>HDL</type><fileset>HDL_FILESET</fileset><local>true</local><used>true</used><selectable>true</selectable><timestamp>1472725027</timestamp><used_for_compile>false</used_for_compile><used_for_synthesis>false</used_for_synthesis><used_for_timing>false</used_for_timing></file><file><path>component\Actel\DirectCore\CoreAHBLite\5.2.100\rtl\vlog\core\coreahblite_addrdec.v</path><type>HDL</type><fileset>HDL_FILESET</fileset><local>true</local><used>true</used><selectable>true</selectable><timestamp>1472725027</timestamp><used_for_compile>false</used_for_compile><used_for_synthesis>false</used_for_synthesis><used_for_timing>false</used_for_timing></file><file><path>component\Actel\DirectCore\CoreAHBLite\5.2.100\rtl\vlog\core\coreahblite_defaultslavesm.v</path><type>HDL</type><fileset>HDL_FILESET</fileset><local>true</local><used>true</used><selectable>true</selectable><timestamp>1472725027</timestamp><used_for_compile>false</used_for_compile><used_for_synthesis>false</used_for_synthesis><used_for_timing>false</used_for_timing></file><file><path>component\Actel\DirectCore\CoreAHBLite\5.2.100\rtl\vlog\core\coreahblite_masterstage.v</path><type>HDL</type><fileset>HDL_FILESET</fileset><local>true</local><used>true</used><selectable>true</selectable><timestamp>1472725027</timestamp><used_for_compile>false</used_for_compile><used_for_synthesis>false</used_for_synthesis><used_for_timing>false</used_for_timing></file><file><path>component\Actel\DirectCore\CoreAHBLite\5.2.100\rtl\vlog\core\coreahblite_matrix4x16.v</path><type>HDL</type><fileset>HDL_FILESET</fileset><local>true</local><used>true</used><selectable>true</selectable><timestamp>1472725027</timestamp><used_for_compile>false</used_for_compile><used_for_synthesis>false</used_for_synthesis><used_for_timing>false</used_for_timing></file><file><path>component\Actel\DirectCore\CoreAHBLite\5.2.100\rtl\vlog\core\coreahblite_slavearbiter.v</path><type>HDL</type><fileset>HDL_FILESET</fileset><local>true</local><used>true</used><selectable>true</selectable><timestamp>1472725027</timestamp><used_for_compile>false</used_for_compile><used_for_synthesis>false</used_for_synthesis><used_for_timing>false</used_for_timing></file><file><path>component\Actel\DirectCore\CoreAHBLite\5.2.100\rtl\vlog\core\coreahblite_slavestage.v</path><type>HDL</type><fileset>HDL_FILESET</fileset><local>true</local><used>true</used><selectable>true</selectable><timestamp>1472725027</timestamp><used_for_compile>false</used_for_compile><used_for_synthesis>false</used_for_synthesis><used_for_timing>false</used_for_timing></file><file><path>component\Actel\DirectCore\COREAHBTOAPB3\3.1.100\rtl\vlog\core\coreahbtoapb3.v</path><type>HDL</type><fileset>HDL_FILESET</fileset><local>true</local><used>true</used><selectable>true</selectable><timestamp>1473955218</timestamp><used_for_compile>false</used_for_compile><used_for_synthesis>false</used_for_synthesis><used_for_timing>false</used_for_timing></file><file><path>component\Actel\DirectCore\COREAHBTOAPB3\3.1.100\rtl\vlog\core\coreahbtoapb3_ahbtoapbsm.v</path><type>HDL</type><fileset>HDL_FILESET</fileset><local>true</local><used>true</used><selectable>true</selectable><timestamp>1473955218</timestamp><used_for_compile>false</used_for_compile><used_for_synthesis>false</used_for_synthesis><used_for_timing>false</used_for_timing></file><file><path>component\Actel\DirectCore\COREAHBTOAPB3\3.1.100\rtl\vlog\core\coreahbtoapb3_apbaddrdata.v</path><type>HDL</type><fileset>HDL_FILESET</fileset><local>true</local><used>true</used><selectable>true</selectable><timestamp>1473955218</timestamp><used_for_compile>false</used_for_compile><used_for_synthesis>false</used_for_synthesis><used_for_timing>false</used_for_timing></file><file><path>component\Actel\DirectCore\COREAHBTOAPB3\3.1.100\rtl\vlog\core\coreahbtoapb3_penablescheduler.v</path><type>HDL</type><fileset>HDL_FILESET</fileset><local>true</local><used>true</used><selectable>true</selectable><timestamp>1473955218</timestamp><used_for_compile>false</used_for_compile><used_for_synthesis>false</used_for_synthesis><used_for_timing>false</used_for_timing></file><file><path>component\Actel\DirectCore\CoreAPB3\4.1.100\rtl\vlog\core\coreapb3.v</path><type>HDL</type><fileset>HDL_FILESET</fileset><local>true</local><used>true</used><selectable>true</selectable><timestamp>1473955219</timestamp><used_for_compile>false</used_for_compile><used_for_synthesis>false</used_for_synthesis><used_for_timing>false</used_for_timing></file><file><path>component\Actel\DirectCore\CoreAPB3\4.1.100\rtl\vlog\core\coreapb3_iaddr_reg.v</path><type>HDL</type><fileset>HDL_FILESET</fileset><local>true</local><used>true</used><selectable>true</selectable><timestamp>1473955219</timestamp><used_for_compile>false</used_for_compile><used_for_synthesis>false</used_for_synthesis><used_for_timing>false</used_for_timing></file><file><path>component\Actel\DirectCore\CoreAPB3\4.1.100\rtl\vlog\core\coreapb3_muxptob3.v</path><type>HDL</type><fileset>HDL_FILESET</fileset><local>true</local><used>true</used><selectable>true</selectable><timestamp>1473955219</timestamp><used_for_compile>false</used_for_compile><used_for_synthesis>false</used_for_synthesis><used_for_timing>false</used_for_timing></file><file><path>component\Actel\DirectCore\COREAXITOAHBL\3.0.101\rtl\vlog\core\CoreAXItoAHBL.v</path><type>HDL</type><fileset>HDL_FILESET</fileset><local>true</local><used>true</used><selectable>true</selectable><timestamp>1473955219</timestamp><used_for_compile>false</used_for_compile><used_for_synthesis>false</used_for_synthesis><used_for_timing>false</used_for_timing></file><file><path>component\Actel\DirectCore\COREAXITOAHBL\3.0.101\rtl\vlog\core\CoreAXItoAHBL_AHBMasterCtrl.v</path><type>HDL</type><fileset>HDL_FILESET</fileset><local>true</local><used>true</used><selectable>true</selectable><timestamp>1473955219</timestamp><used_for_compile>false</used_for_compile><used_for_synthesis>false</used_for_synthesis><used_for_timing>false</used_for_timing></file><file><path>component\Actel\DirectCore\COREAXITOAHBL\3.0.101\rtl\vlog\core\CoreAXItoAHBL_AXIOutReg.v</path><type>HDL</type><fileset>HDL_FILESET</fileset><local>true</local><used>true</used><selectable>true</selectable><timestamp>1473955219</timestamp><used_for_compile>false</used_for_compile><used_for_synthesis>false</used_for_synthesis><used_for_timing>false</used_for_timing></file><file><path>component\Actel\DirectCore\COREAXITOAHBL\3.0.101\rtl\vlog\core\CoreAXItoAHBL_AXISlaveCtrl.v</path><type>HDL</type><fileset>HDL_FILESET</fileset><local>true</local><used>true</used><selectable>true</selectable><timestamp>1473955219</timestamp><used_for_compile>false</used_for_compile><used_for_synthesis>false</used_for_synthesis><used_for_timing>false</used_for_timing></file><file><path>component\Actel\DirectCore\COREAXITOAHBL\3.0.101\rtl\vlog\core\CoreAXItoAHBL_RAM_syncWrAsyncRd.v</path><type>HDL</type><fileset>HDL_FILESET</fileset><local>true</local><used>true</used><selectable>true</selectable><timestamp>1487242763</timestamp><used_for_compile>false</used_for_compile><used_for_synthesis>false</used_for_synthesis><used_for_timing>false</used_for_timing></file><file><path>component\Actel\DirectCore\COREAXITOAHBL\3.0.101\rtl\vlog\core\CoreAXItoAHBL_readByteCnt.v</path><type>HDL</type><fileset>HDL_FILESET</fileset><local>true</local><used>true</used><selectable>true</selectable><timestamp>1473955219</timestamp><used_for_compile>false</used_for_compile><used_for_synthesis>false</used_for_synthesis><used_for_timing>false</used_for_timing></file><file><path>component\Actel\DirectCore\COREAXITOAHBL\3.0.101\rtl\vlog\core\CoreAXItoAHBL_synchronizer.v</path><type>HDL</type><fileset>HDL_FILESET</fileset><local>true</local><used>true</used><selectable>true</selectable><timestamp>1473955219</timestamp><used_for_compile>false</used_for_compile><used_for_synthesis>false</used_for_synthesis><used_for_timing>false</used_for_timing></file><file><path>component\Actel\DirectCore\COREAXITOAHBL\3.0.101\rtl\vlog\core\CoreAXItoAHBL_WSTRBAddrOffset.v</path><type>HDL</type><fileset>HDL_FILESET</fileset><local>true</local><used>true</used><selectable>true</selectable><timestamp>1473955219</timestamp><used_for_compile>false</used_for_compile><used_for_synthesis>false</used_for_synthesis><used_for_timing>false</used_for_timing></file><file><path>component\Actel\DirectCore\COREAXITOAHBL\3.0.101\rtl\vlog\core\CoreAXItoAHBL_WSTRBPopCntr.v</path><type>HDL</type><fileset>HDL_FILESET</fileset><local>true</local><used>true</used><selectable>true</selectable><timestamp>1473955219</timestamp><used_for_compile>false</used_for_compile><used_for_synthesis>false</used_for_synthesis><used_for_timing>false</used_for_timing></file><file><path>component\Actel\DirectCore\CoreConfigMaster\2.1.102\rtl\vlog\core\coreconfigmaster.v</path><type>HDL</type><fileset>HDL_FILESET</fileset><local>true</local><used>true</used><selectable>true</selectable><timestamp>1480334883</timestamp><used_for_compile>false</used_for_compile><used_for_synthesis>false</used_for_synthesis><used_for_timing>false</used_for_timing></file><file><path>component\Actel\DirectCore\CoreConfigP\7.1.100\rtl\vlog\core\coreconfigp.v</path><type>HDL</type><fileset>HDL_FILESET</fileset><local>true</local><used>true</used><selectable>true</selectable><timestamp>1471423436</timestamp><used_for_compile>false</used_for_compile><used_for_synthesis>false</used_for_synthesis><used_for_timing>false</used_for_timing></file><file><path>component\Actel\DirectCore\CoreGPIO\3.1.101\rtl\vlog\core\coregpio.v</path><type>HDL</type><fileset>HDL_FILESET</fileset><local>true</local><used>true</used><selectable>true</selectable><timestamp>1473955219</timestamp><used_for_compile>false</used_for_compile><used_for_synthesis>false</used_for_synthesis><used_for_timing>false</used_for_timing></file><file><path>component\Actel\DirectCore\COREJTAGDEBUG\1.0.101\rtl\vlog\core\corejtagdebug.v</path><type>HDL</type><fileset>HDL_FILESET</fileset><local>true</local><used>true</used><selectable>true</selectable><timestamp>1480337636</timestamp><used_for_compile>false</used_for_compile><used_for_synthesis>false</used_for_synthesis><used_for_timing>false</used_for_timing></file><file><path>component\Actel\DirectCore\COREJTAGDEBUG\1.0.101\rtl\vlog\core\corejtagdebug_uj_jtag.v</path><type>HDL</type><fileset>HDL_FILESET</fileset><local>true</local><used>true</used><selectable>true</selectable><timestamp>1480337636</timestamp><used_for_compile>false</used_for_compile><used_for_synthesis>false</used_for_synthesis><used_for_timing>false</used_for_timing></file><file><path>component\Actel\DirectCore\CoreResetP\7.1.100\rtl\vlog\core\coreresetp.v</path><type>HDL</type><fileset>HDL_FILESET</fileset><local>true</local><used>true</used><selectable>true</selectable><timestamp>1471423436</timestamp><used_for_compile>false</used_for_compile><used_for_synthesis>false</used_for_synthesis><used_for_timing>false</used_for_timing></file><file><path>component\Actel\DirectCore\CoreResetP\7.1.100\rtl\vlog\core\coreresetp_pcie_hotreset.v</path><type>HDL</type><fileset>HDL_FILESET</fileset><local>true</local><used>true</used><selectable>true</selectable><timestamp>1471423436</timestamp><used_for_compile>false</used_for_compile><used_for_synthesis>false</used_for_synthesis><used_for_timing>false</used_for_timing></file><file><path>component\Actel\DirectCore\CORERISCV_AXI4\1.0.100\rtl\verilog\AsyncFifo.v</path><type>HDL</type><fileset>HDL_FILESET</fileset><local>true</local><used>true</used><selectable>true</selectable><timestamp>1480337637</timestamp><used_for_compile>false</used_for_compile><used_for_synthesis>false</used_for_synthesis><used_for_timing>false</used_for_timing></file><file><path>component\Actel\DirectCore\CORERISCV_AXI4\1.0.100\rtl\verilog\CoreRISCV_AXI4.v</path><type>HDL</type><fileset>HDL_FILESET</fileset><local>true</local><used>true</used><selectable>true</selectable><timestamp>1480337637</timestamp><used_for_compile>false</used_for_compile><used_for_synthesis>false</used_for_synthesis><used_for_timing>false</used_for_timing></file><file><path>component\Actel\DirectCore\CORERISCV_AXI4\1.0.100\rtl\verilog\DebugTransportModuleJtag.v</path><type>HDL</type><fileset>HDL_FILESET</fileset><local>true</local><used>true</used><selectable>true</selectable><timestamp>1480337637</timestamp><used_for_compile>false</used_for_compile><used_for_synthesis>false</used_for_synthesis><used_for_timing>false</used_for_timing></file><file><path>component\Actel\DirectCore\CORERISCV_AXI4\1.0.100\rtl\verilog\Top.v</path><type>HDL</type><fileset>HDL_FILESET</fileset><local>true</local><used>true</used><selectable>true</selectable><timestamp>1487242782</timestamp><used_for_compile>false</used_for_compile><used_for_synthesis>false</used_for_synthesis><used_for_timing>false</used_for_timing></file><file><path>component\Actel\DirectCore\CORESPI\5.1.104\rtl\vlog\core\corespi.v</path><type>HDL</type><fileset>HDL_FILESET</fileset><local>true</local><used>true</used><selectable>true</selectable><timestamp>1482338622</timestamp><used_for_compile>false</used_for_compile><used_for_synthesis>false</used_for_synthesis><used_for_timing>false</used_for_timing></file><file><path>component\Actel\DirectCore\CORESPI\5.1.104\rtl\vlog\core\spi.v</path><type>HDL</type><fileset>HDL_FILESET</fileset><local>true</local><used>true</used><selectable>true</selectable><timestamp>1482338622</timestamp><used_for_compile>false</used_for_compile><used_for_synthesis>false</used_for_synthesis><used_for_timing>false</used_for_timing></file><file><path>component\Actel\DirectCore\CORESPI\5.1.104\rtl\vlog\core\spi_chanctrl.v</path><type>HDL</type><fileset>HDL_FILESET</fileset><local>true</local><used>true</used><selectable>true</selectable><timestamp>1482338622</timestamp><used_for_compile>false</used_for_compile><used_for_synthesis>false</used_for_synthesis><used_for_timing>false</used_for_timing></file><file><path>component\Actel\DirectCore\CORESPI\5.1.104\rtl\vlog\core\spi_clockmux.v</path><type>HDL</type><fileset>HDL_FILESET</fileset><local>true</local><used>true</used><selectable>true</selectable><timestamp>1482338622</timestamp><used_for_compile>false</used_for_compile><used_for_synthesis>false</used_for_synthesis><used_for_timing>false</used_for_timing></file><file><path>component\Actel\DirectCore\CORESPI\5.1.104\rtl\vlog\core\spi_control.v</path><type>HDL</type><fileset>HDL_FILESET</fileset><local>true</local><used>true</used><selectable>true</selectable><timestamp>1482338622</timestamp><used_for_compile>false</used_for_compile><used_for_synthesis>false</used_for_synthesis><used_for_timing>false</used_for_timing></file><file><path>component\Actel\DirectCore\CORESPI\5.1.104\rtl\vlog\core\spi_fifo.v</path><type>HDL</type><fileset>HDL_FILESET</fileset><local>true</local><used>true</used><selectable>true</selectable><timestamp>1482338622</timestamp><used_for_compile>false</used_for_compile><used_for_synthesis>false</used_for_synthesis><used_for_timing>false</used_for_timing></file><file><path>component\Actel\DirectCore\CORESPI\5.1.104\rtl\vlog\core\spi_rf.v</path><type>HDL</type><fileset>HDL_FILESET</fileset><local>true</local><used>true</used><selectable>true</selectable><timestamp>1482338622</timestamp><used_for_compile>false</used_for_compile><used_for_synthesis>false</used_for_synthesis><used_for_timing>false</used_for_timing></file><file><path>component\Actel\DirectCore\CoreTimer\2.0.103\rtl\vlog\core\coretimer.v</path><type>HDL</type><fileset>HDL_FILESET</fileset><local>true</local><used>true</used><selectable>true</selectable><timestamp>1473955220</timestamp><used_for_compile>false</used_for_compile><used_for_synthesis>false</used_for_synthesis><used_for_timing>false</used_for_timing></file><file><path>component\Actel\SgCore\OSC\2.0.101\osc_comps.v</path><type>HDL</type><fileset>HDL_FILESET</fileset><local>true</local><used>true</used><selectable>true</selectable><timestamp>1471423437</timestamp><used_for_compile>false</used_for_compile><used_for_synthesis>false</used_for_synthesis><used_for_timing>false</used_for_timing></file><file><path>component\Actel\SgCore\OSC\2.0.101\osc_comps_pre.v</path><type>HDL</type><fileset>HDL_FILESET</fileset><local>true</local><used>false</used><selectable>true</selectable><timestamp>1471423437</timestamp><used_for_compile>false</used_for_compile><used_for_synthesis>false</used_for_synthesis><used_for_timing>false</used_for_timing></file><file><path>component\User\GlueLogic\AXI_GLUE_LOGIC\1.0.7\vlog\AXI_glue_logic.v</path><type>HDL</type><fileset>HDL_FILESET</fileset><local>true</local><used>true</used><selectable>true</selectable><timestamp>1479210704</timestamp><used_for_compile>false</used_for_compile><used_for_synthesis>false</used_for_synthesis><used_for_timing>false</used_for_timing></file><file><path>component\USER\UserCore\MIRSLV2MIRMSTRBRIDGE_AHB\1.0.3\rtl\core\mirslv2mirmstrbridge_ahb.v</path><type>HDL</type><fileset>HDL_FILESET</fileset><local>true</local><used>true</used><selectable>true</selectable><timestamp>1484310285</timestamp><used_for_compile>false</used_for_compile><used_for_synthesis>false</used_for_synthesis><used_for_timing>false</used_for_timing></file><file><path>component\work\HPMS_0\CoreUARTapb_0\rtl\vlog\core\Clock_gen.v</path><type>HDL</type><fileset>HDL_FILESET</fileset><local>true</local><used>true</used><selectable>true</selectable><timestamp>1487242676</timestamp><used_for_compile>false</used_for_compile><used_for_synthesis>false</used_for_synthesis><used_for_timing>false</used_for_timing></file><file><path>component\work\HPMS_0\CoreUARTapb_0\rtl\vlog\core\CoreUART.v</path><type>HDL</type><fileset>HDL_FILESET</fileset><local>true</local><used>true</used><selectable>true</selectable><timestamp>1487242676</timestamp><used_for_compile>false</used_for_compile><used_for_synthesis>false</used_for_synthesis><used_for_timing>false</used_for_timing></file><file><path>component\work\HPMS_0\CoreUARTapb_0\rtl\vlog\core\CoreUARTapb.v</path><type>HDL</type><fileset>HDL_FILESET</fileset><local>true</local><used>true</used><selectable>true</selectable><timestamp>1487242676</timestamp><used_for_compile>false</used_for_compile><used_for_synthesis>false</used_for_synthesis><used_for_timing>false</used_for_timing></file><file><path>component\work\HPMS_0\CoreUARTapb_0\rtl\vlog\core\fifo_256x8_g4.v</path><type>HDL</type><fileset>HDL_FILESET</fileset><local>true</local><used>true</used><selectable>true</selectable><timestamp>1487242676</timestamp><used_for_compile>false</used_for_compile><used_for_synthesis>false</used_for_synthesis><used_for_timing>false</used_for_timing></file><file><path>component\work\HPMS_0\CoreUARTapb_0\rtl\vlog\core\Rx_async.v</path><type>HDL</type><fileset>HDL_FILESET</fileset><local>true</local><used>true</used><selectable>true</selectable><timestamp>1487242676</timestamp><used_for_compile>false</used_for_compile><used_for_synthesis>false</used_for_synthesis><used_for_timing>false</used_for_timing></file><file><path>component\work\HPMS_0\CoreUARTapb_0\rtl\vlog\core\Tx_async.v</path><type>HDL</type><fileset>HDL_FILESET</fileset><local>true</local><used>true</used><selectable>true</selectable><timestamp>1487242676</timestamp><used_for_compile>false</used_for_compile><used_for_synthesis>false</used_for_synthesis><used_for_timing>false</used_for_timing></file><file><path>component\work\HPMS_0\HPMS_0.v</path><type>HDL</type><fileset>HDL_FILESET</fileset><local>true</local><used>true</used><selectable>true</selectable><timestamp>1487242676</timestamp><used_for_compile>false</used_for_compile><used_for_synthesis>false</used_for_synthesis><used_for_timing>false</used_for_timing></file><file><path>component\work\HPMS_0_sb\CCC_0\HPMS_0_sb_CCC_0_FCCC.v</path><type>HDL</type><fileset>HDL_FILESET</fileset><local>true</local><used>true</used><selectable>true</selectable><timestamp>1487242624</timestamp><used_for_compile>false</used_for_compile><used_for_synthesis>false</used_for_synthesis><used_for_timing>false</used_for_timing></file><file><path>component\work\HPMS_0_sb\FABOSC_0\HPMS_0_sb_FABOSC_0_OSC.v</path><type>HDL</type><fileset>HDL_FILESET</fileset><local>true</local><used>true</used><selectable>true</selectable><timestamp>1487242626</timestamp><used_for_compile>false</used_for_compile><used_for_synthesis>false</used_for_synthesis><used_for_timing>false</used_for_timing></file><file><path>component\work\HPMS_0_sb\HPMS_0_sb.v</path><type>HDL</type><fileset>HDL_FILESET</fileset><local>true</local><used>true</used><selectable>true</selectable><timestamp>1487242626</timestamp><used_for_compile>false</used_for_compile><used_for_synthesis>false</used_for_synthesis><used_for_timing>false</used_for_timing></file><file><path>component\work\HPMS_0_sb_HPMS\HPMS_0_sb_HPMS.v</path><type>HDL</type><fileset>HDL_FILESET</fileset><local>true</local><used>true</used><selectable>true</selectable><timestamp>1487242531</timestamp><used_for_compile>false</used_for_compile><used_for_synthesis>false</used_for_synthesis><used_for_timing>false</used_for_timing></file><file><path>component\work\HPMS_0_sb_HPMS\HPMS_0_sb_HPMS_pre.v</path><type>HDL</type><fileset>HDL_FILESET</fileset><local>true</local><used>false</used><selectable>true</selectable><timestamp>1487242529</timestamp><used_for_compile>false</used_for_compile><used_for_synthesis>false</used_for_synthesis><used_for_timing>false</used_for_timing></file><file><path>component\work\HPMS_0_sb_HPMS\HPMS_0_sb_HPMS_syn.v</path><type>HDL</type><fileset>HDL_FILESET</fileset><local>true</local><used>true</used><selectable>true</selectable><timestamp>1487242529</timestamp><used_for_compile>false</used_for_compile><used_for_synthesis>false</used_for_synthesis><used_for_timing>false</used_for_timing></file><file><path>constraint\HPMS_0_derived_constraints.sdc</path><type>SDC_ROOT</type><fileset>DESIGNER_FILESET</fileset><local>true</local><used>true</used><selectable>true</selectable><timestamp>1486999184</timestamp><used_for_compile>false</used_for_compile><used_for_synthesis>false</used_for_synthesis><used_for_timing>false</used_for_timing></file><file><path>constraint\user.sdc</path><type>SDC_ROOT</type><fileset>DESIGNER_FILESET</fileset><local>true</local><used>true</used><selectable>true</selectable><timestamp>1486546588</timestamp><used_for_compile>false</used_for_compile><used_for_synthesis>false</used_for_synthesis><used_for_timing>false</used_for_timing></file><file><path>synthesis\HPMS_0_sdc.sdc</path><type>SDC_ROOT</type><fileset>OTHER_SYNTHESIS_FILESET</fileset><local>true</local><used>false</used><selectable>true</selectable><timestamp>1487242939</timestamp><used_for_compile>false</used_for_compile><used_for_synthesis>false</used_for_synthesis><used_for_timing>false</used_for_timing></file></input_files><output_files><file><path>synthesis\HPMS_0.edn</path><type>EDN</type><fileset>HDL_FILESET</fileset><local>true</local><used>false</used><selectable>true</selectable><timestamp>1487242939</timestamp><used_for_compile>false</used_for_compile><used_for_synthesis>false</used_for_synthesis><used_for_timing>false</used_for_timing></file></output_files><report_files><file><path>synthesis\synplify.log</path><type>LOG</type><fileset>OTHER_FILESET</fileset><local>true</local><used>false</used><selectable>true</selectable><timestamp>0</timestamp><used_for_compile>false</used_for_compile><used_for_synthesis>false</used_for_synthesis><used_for_timing>false</used_for_timing></file><file><path>synthesis\HPMS_0.srr</path><type>LOG</type><fileset>OTHER_FILESET</fileset><local>true</local><used>false</used><selectable>true</selectable><timestamp>0</timestamp><used_for_compile>false</used_for_compile><used_for_synthesis>false</used_for_synthesis><used_for_timing>false</used_for_timing></file><file><path>synthesis\HPMS_0.areasrr</path><type>LOG</type><fileset>OTHER_FILESET</fileset><local>true</local><used>false</used><selectable>true</selectable><timestamp>0</timestamp><used_for_compile>false</used_for_compile><used_for_synthesis>false</used_for_synthesis><used_for_timing>false</used_for_timing></file><file><path>synthesis\run_options.txt</path><type>LOG</type><fileset>OTHER_FILESET</fileset><local>true</local><used>false</used><selectable>true</selectable><timestamp>0</timestamp><used_for_compile>false</used_for_compile><used_for_synthesis>false</used_for_synthesis><used_for_timing>false</used_for_timing></file><file><path>designer\HPMS_0\HPMS_0_compile_netlist_resources.xml</path><type>LOG</type><fileset>OTHER_FILESET</fileset><local>true</local><used>false</used><selectable>true</selectable><timestamp>0</timestamp><used_for_compile>false</used_for_compile><used_for_synthesis>false</used_for_synthesis><used_for_timing>false</used_for_timing></file><file><path>designer\HPMS_0\HPMS_0_compile_netlist_hier_resources.csv</path><type>LOG</type><fileset>OTHER_FILESET</fileset><local>true</local><used>false</used><selectable>true</selectable><timestamp>0</timestamp><used_for_compile>false</used_for_compile><used_for_synthesis>false</used_for_synthesis><used_for_timing>false</used_for_timing></file><file><path>designer\HPMS_0\HPMS_0_compile_netlist_combinational_loops.xml</path><type>LOG</type><fileset>OTHER_FILESET</fileset><local>true</local><used>false</used><selectable>true</selectable><timestamp>0</timestamp><used_for_compile>false</used_for_compile><used_for_synthesis>false</used_for_synthesis><used_for_timing>false</used_for_timing></file><file><path>designer\HPMS_0\HPMS_0_rwnetlist.log</path><type>LOG</type><fileset>OTHER_FILESET</fileset><local>true</local><used>false</used><selectable>true</selectable><timestamp>0</timestamp><used_for_compile>false</used_for_compile><used_for_synthesis>false</used_for_synthesis><used_for_timing>false</used_for_timing></file><file><path>designer\HPMS_0\HPMS_0_compile_netlist.log</path><type>LOG</type><fileset>OTHER_FILESET</fileset><local>true</local><used>false</used><selectable>true</selectable><timestamp>0</timestamp><used_for_compile>false</used_for_compile><used_for_synthesis>false</used_for_synthesis><used_for_timing>false</used_for_timing></file></report_files></tool><tool Constraint_Default="true" Simulation_Default="true" Source_Default="true" Stimulus_Default="true" internal_name="SPM" library="Tool" name="SPM" state="0" vendor="Actel" version="1.0.106"><configuration><spirit:hwParameter spirit:name="back_level_bypass">false</spirit:hwParameter><spirit:hwParameter spirit:name="back_level_protection">false</spirit:hwParameter><spirit:hwParameter spirit:name="back_level_update_version"/><spirit:hwParameter spirit:name="debug_cortex_m3">false</spirit:hwParameter><spirit:hwParameter spirit:name="debug_digest_request">false</spirit:hwParameter><spirit:hwParameter spirit:name="debug_disable_jtag">false</spirit:hwParameter><spirit:hwParameter spirit:name="debug_passkey"/><spirit:hwParameter spirit:name="debug_ujtag_access">false</spirit:hwParameter><spirit:hwParameter spirit:name="disable_user_encryption_key_1">false</spirit:hwParameter><spirit:hwParameter spirit:name="disable_user_encryption_key_2">false</spirit:hwParameter><spirit:hwParameter spirit:name="factory_access">flashlock</spirit:hwParameter><spirit:hwParameter spirit:name="iap_isp_services">false</spirit:hwParameter><spirit:hwParameter spirit:name="security_key_mode">default</spirit:hwParameter><spirit:hwParameter spirit:name="smartdebug_access">full</spirit:hwParameter><spirit:hwParameter spirit:name="update_auto_prog_lock">false</spirit:hwParameter><spirit:hwParameter spirit:name="update_envm_protection">passkey</spirit:hwParameter><spirit:hwParameter spirit:name="update_fabric_protection">passkey</spirit:hwParameter><spirit:hwParameter spirit:name="update_jtag_lock">false</spirit:hwParameter><spirit:hwParameter spirit:name="update_spi_slave_lock">false</spirit:hwParameter><spirit:hwParameter spirit:name="user_encryption_key_1"/><spirit:hwParameter spirit:name="user_encryption_key_2"/><spirit:hwParameter spirit:name="user_passkey_1"/><spirit:hwParameter spirit:name="user_passkey_2"/><spirit:hwParameter spirit:name="user_security_policy_protection">flashlock</spirit:hwParameter><spirit:hwParameter spirit:name="use_debug_policy">false</spirit:hwParameter><spirit:hwParameter spirit:name="use_key_mode_policy">false</spirit:hwParameter><spirit:hwParameter spirit:name="use_update_policy">false</spirit:hwParameter><spirit:hwParameter spirit:name="use_user_key_set_1">true</spirit:hwParameter><spirit:hwParameter spirit:name="use_user_key_set_2">false</spirit:hwParameter></configuration><input_files/><output_files/><report_files/></tool><tool Constraint_Default="true" Simulation_Default="true" Source_Default="true" Stimulus_Default="true" internal_name="SMARTDESIGNCONFIGURATOR" library="Tool" name="SmartDesign" state="0" vendor="Actel" version="1.0.100"><configuration/><input_files/><output_files/><report_files/></tool><tool Constraint_Default="true" Simulation_Default="true" Source_Default="true" Stimulus_Default="true" internal_name="SMARTDEBUG" library="Tool" name="SmartDebug" state="0" vendor="Actel" version="1.0.101"><configuration/><input_files/><output_files/><report_files/></tool><tool Constraint_Default="true" Simulation_Default="true" Source_Default="true" Stimulus_Default="true" internal_name="SIM_PRESYNTH" library="Tool" name="RTLSimulation" state="0" vendor="Actel" version="1.0.100"><configuration/><input_files/><output_files/><report_files/></tool><tool Constraint_Default="true" Simulation_Default="true" Source_Default="true" Stimulus_Default="true" internal_name="SDTB" library="Tool" name="SDTB" state="0" vendor="Actel" version="1.0.100"><configuration/><input_files/><output_files/><report_files/></tool><tool Constraint_Default="true" Simulation_Default="true" Source_Default="true" Stimulus_Default="true" internal_name="PROGRAM_RECOVERY" library="Tool" name="ProgrammingRecoveryTool" state="0" vendor="Actel" version="1.0.101"><configuration><spirit:hwParameter spirit:name="enable_auto_update">true</spirit:hwParameter><spirit:hwParameter spirit:name="enable_prog_recovery">true</spirit:hwParameter><spirit:hwParameter spirit:name="spi_clk_freq"/><spirit:hwParameter spirit:name="spi_data_transfer_mode">100</spirit:hwParameter></configuration><input_files/><output_files/><report_files/></tool><tool Constraint_Default="true" Simulation_Default="true" Source_Default="true" Stimulus_Default="true" internal_name="PROGRAM_OPTIONS" library="Tool" name="ProgramOptions" state="0" vendor="Actel" version="1.0.101"><configuration><spirit:hwParameter spirit:name="program_envm">false</spirit:hwParameter><spirit:hwParameter spirit:name="program_fabric">false</spirit:hwParameter><spirit:hwParameter spirit:name="program_mode">selected_features</spirit:hwParameter><spirit:hwParameter spirit:name="program_security">false</spirit:hwParameter></configuration><input_files/><output_files/><report_files/></tool><tool Constraint_Default="true" Simulation_Default="true" Source_Default="true" Stimulus_Default="true" internal_name="PROGRAMMER_INFO" library="Tool" name="ProgrammerInfo" state="0" vendor="Actel" version="1.0.102"><configuration><spirit:hwParameter spirit:name="flashpro3_clk_mode">free_running_clk</spirit:hwParameter><spirit:hwParameter spirit:name="flashpro3_force_freq">OFF</spirit:hwParameter><spirit:hwParameter spirit:name="flashpro3_freq">400000</spirit:hwParameter><spirit:hwParameter spirit:name="flashpro3_vpump">ON</spirit:hwParameter><spirit:hwParameter spirit:name="flashpro4_clk_mode">free_running_clk</spirit:hwParameter><spirit:hwParameter spirit:name="flashpro4_force_freq">OFF</spirit:hwParameter><spirit:hwParameter spirit:name="flashpro4_freq">400000</spirit:hwParameter><spirit:hwParameter spirit:name="flashpro4_vpump">ON</spirit:hwParameter><spirit:hwParameter spirit:name="flashpro5_clk_mode">free_running_clk</spirit:hwParameter><spirit:hwParameter spirit:name="flashpro5_force_freq">OFF</spirit:hwParameter><spirit:hwParameter spirit:name="flashpro5_freq">400000</spirit:hwParameter><spirit:hwParameter spirit:name="flashpro5_vpump">ON</spirit:hwParameter><spirit:hwParameter spirit:name="flashprolite_drive_trst">OFF</spirit:hwParameter><spirit:hwParameter spirit:name="flashprolite_force_freq">OFF</spirit:hwParameter><spirit:hwParameter spirit:name="flashprolite_freq">400000</spirit:hwParameter><spirit:hwParameter spirit:name="flashprolite_vpn">ON</spirit:hwParameter><spirit:hwParameter spirit:name="flashprolite_vpp">ON</spirit:hwParameter><spirit:hwParameter spirit:name="flashpro_drive_trst">OFF</spirit:hwParameter><spirit:hwParameter spirit:name="flashpro_force_freq">OFF</spirit:hwParameter><spirit:hwParameter spirit:name="flashpro_force_vddp">ON</spirit:hwParameter><spirit:hwParameter spirit:name="flashpro_freq">400000</spirit:hwParameter><spirit:hwParameter spirit:name="flashpro_vddl">ON</spirit:hwParameter><spirit:hwParameter spirit:name="flashpro_vddp">2.5</spirit:hwParameter><spirit:hwParameter spirit:name="flashpro_vpn">ON</spirit:hwParameter><spirit:hwParameter spirit:name="flashpro_vpp">ON</spirit:hwParameter></configuration><input_files/><output_files/><report_files/></tool><tool Constraint_Default="true" Simulation_Default="true" Source_Default="true" Stimulus_Default="true" internal_name="IO_PROGRAMMING_STATE" library="Tool" name="IoProgramState" state="0" vendor="Actel" version="1.0.103"><configuration><spirit:hwParameter spirit:name="ios_file"/></configuration><input_files/><output_files/><report_files/></tool><tool Constraint_Default="true" Simulation_Default="true" Source_Default="true" Stimulus_Default="true" internal_name="INIT_LOCK" library="Tool" name="g4lock" state="0" vendor="Actel" version="1.0.100"><configuration><spirit:hwParameter spirit:name="INIT_LOCK_FILE"/></configuration><input_files/><output_files/><report_files/></tool><tool Constraint_Default="true" Simulation_Default="true" Source_Default="true" Stimulus_Default="true" internal_name="HDLTB" library="Tool" name="HDLTB" state="0" vendor="Actel" version="1.0.100"><configuration/><input_files/><output_files/><report_files/></tool><tool Constraint_Default="true" Simulation_Default="true" Source_Default="true" Stimulus_Default="true" internal_name="HDLEDITOR" library="Tool" name="HDL" state="0" vendor="Actel" version="1.0.100"><configuration/><input_files/><output_files/><report_files/></tool><tool Constraint_Default="true" Simulation_Default="true" Source_Default="true" Stimulus_Default="true" internal_name="GENERATE_MEMORY_MAP" library="Tool" name="ExportFirmWareDrivers" state="0" vendor="Actel" version="1.0.100"><configuration/><input_files/><output_files/><report_files/></tool><tool Constraint_Default="true" Simulation_Default="true" Source_Default="true" Stimulus_Default="true" internal_name="EXPORTSDC" library="Tool" name="sdc_export" state="0" vendor="Actel" version="1.0.0"><configuration><spirit:hwParameter spirit:name="FULL_PLACEMENT">false</spirit:hwParameter><spirit:hwParameter spirit:name="PIN_LOCATIONS">true</spirit:hwParameter><spirit:hwParameter spirit:name="PLACEMENT">false</spirit:hwParameter></configuration><input_files/><output_files/><report_files/></tool><tool Constraint_Default="true" Simulation_Default="true" Source_Default="true" Stimulus_Default="true" internal_name="EXPORTNETLIST" library="Tool" name="netlist_export" state="0" vendor="Actel" version="1.0.0"><configuration><spirit:hwParameter spirit:name="EXPORT_HDL_TYPE">VERILOG</spirit:hwParameter></configuration><input_files><file><path>synthesis\HPMS_0.edn</path><type>HDL</type><fileset>HDL_FILESET</fileset><local>true</local><used>true</used><selectable>true</selectable><timestamp>1487242939</timestamp><used_for_compile>false</used_for_compile><used_for_synthesis>false</used_for_synthesis><used_for_timing>false</used_for_timing></file></input_files><output_files/><report_files/></tool><tool Constraint_Default="true" Simulation_Default="true" Source_Default="true" Stimulus_Default="true" internal_name="SIM_POSTSYNTH" library="Tool" name="PostSynthesisSimulation" state="0" vendor="Actel" version="1.0.100"><configuration/><input_files/><output_files/><report_files/></tool><tool Constraint_Default="true" Simulation_Default="true" Source_Default="true" Stimulus_Default="true" internal_name="EXPORTIOPDC" library="Tool" name="pdc_export" state="0" vendor="Actel" version="1.0.4"><configuration><spirit:hwParameter spirit:name="EXPORT_MODE">PDC_PLACE</spirit:hwParameter></configuration><input_files/><output_files/><report_files/></tool><tool Constraint_Default="true" Simulation_Default="true" Source_Default="true" Stimulus_Default="true" internal_name="EXPORTFPPDC" library="Tool" name="pdc_export" state="0" vendor="Actel" version="1.0.4"><configuration><spirit:hwParameter spirit:name="EXPORT_MODE">PDC_PLACE</spirit:hwParameter></configuration><input_files/><output_files/><report_files/></tool><tool Constraint_Default="true" Simulation_Default="true" Source_Default="true" Stimulus_Default="true" internal_name="EDITTIMING_PRESYNTH" library="Tool" name="st_constraints" state="0" vendor="Actel" version="1.0.11"><configuration/><input_files><file><path>synthesis\HPMS_0_sdc.sdc</path><type>SDC_SYN</type><fileset>OTHER_SYNTHESIS_FILESET</fileset><local>true</local><used>false</used><selectable>true</selectable><timestamp>1486469219</timestamp><used_for_compile>false</used_for_compile><used_for_synthesis>false</used_for_synthesis><used_for_timing>false</used_for_timing></file><file><path>constraint\HPMS_0_derived_constraints.sdc</path><type>SDC_PRJ</type><fileset>DESIGNER_FILESET</fileset><local>true</local><used>true</used><selectable>true</selectable><timestamp>1486471267</timestamp><used_for_compile>false</used_for_compile><used_for_synthesis>false</used_for_synthesis><used_for_timing>false</used_for_timing></file><file><path>constraint\user.sdc</path><type>SDC_PRJ</type><fileset>DESIGNER_FILESET</fileset><local>true</local><used>false</used><selectable>true</selectable><timestamp>1486328336</timestamp><used_for_compile>false</used_for_compile><used_for_synthesis>false</used_for_synthesis><used_for_timing>false</used_for_timing></file></input_files><output_files/><report_files/></tool><tool Constraint_Default="true" Simulation_Default="true" Source_Default="true" Stimulus_Default="true" internal_name="EDITTIMING_POSTCOMPILE" library="Tool" name="st_constraints" state="0" vendor="Actel" version="1.0.11"><configuration/><input_files/><output_files/><report_files/></tool><tool Constraint_Default="true" Simulation_Default="true" Source_Default="true" Stimulus_Default="true" internal_name="EDITIO_PRESYNTH" library="Tool" name="mvn_io" state="0" vendor="Actel" version="1.0.11"><configuration/><input_files/><output_files/><report_files/></tool><tool Constraint_Default="true" Simulation_Default="true" Source_Default="true" Stimulus_Default="true" internal_name="EDITIO_POSTCOMPILE" library="Tool" name="mvn_io" state="0" vendor="Actel" version="1.0.11"><configuration/><input_files/><output_files/><report_files/></tool><tool Constraint_Default="true" Simulation_Default="true" Source_Default="true" Stimulus_Default="true" internal_name="EDITFLOORPLAN_PRECOMPILE" library="Tool" name="mvn_fp" state="0" vendor="Actel" version="1.0.11"><configuration/><input_files/><output_files/><report_files/></tool><tool Constraint_Default="true" Simulation_Default="true" Source_Default="true" Stimulus_Default="true" internal_name="EDITFLOORPLAN_POSTCOMPILE" library="Tool" name="mvn_fp" state="0" vendor="Actel" version="1.0.11"><configuration/><input_files/><output_files/><report_files/></tool><tool Constraint_Default="true" Simulation_Default="true" Source_Default="true" Stimulus_Default="true" internal_name="EDITCP_POSTCOMPILE" library="Tool" name="ChipPlanner" state="0" vendor="Actel" version="1.0.102"><configuration/><input_files/><output_files/><report_files/></tool><tool Constraint_Default="true" Simulation_Default="true" Source_Default="true" Stimulus_Default="true" internal_name="CONSTRAINT_MANAGEMENT" library="Tool" name="Constraintmanagement" state="6" vendor="Actel" version="1.0.10"><configuration/><input_files><file><path>component\Actel\DirectCore\CoreAHBLite\5.2.100\rtl\vlog\core\coreahblite.v</path><type>HDL</type><fileset>HDL_FILESET</fileset><local>true</local><used>true</used><selectable>true</selectable><timestamp>1472725027</timestamp><used_for_compile>false</used_for_compile><used_for_synthesis>false</used_for_synthesis><used_for_timing>false</used_for_timing></file><file><path>component\Actel\DirectCore\CoreAHBLite\5.2.100\rtl\vlog\core\coreahblite_addrdec.v</path><type>HDL</type><fileset>HDL_FILESET</fileset><local>true</local><used>true</used><selectable>true</selectable><timestamp>1472725027</timestamp><used_for_compile>false</used_for_compile><used_for_synthesis>false</used_for_synthesis><used_for_timing>false</used_for_timing></file><file><path>component\Actel\DirectCore\CoreAHBLite\5.2.100\rtl\vlog\core\coreahblite_defaultslavesm.v</path><type>HDL</type><fileset>HDL_FILESET</fileset><local>true</local><used>true</used><selectable>true</selectable><timestamp>1472725027</timestamp><used_for_compile>false</used_for_compile><used_for_synthesis>false</used_for_synthesis><used_for_timing>false</used_for_timing></file><file><path>component\Actel\DirectCore\CoreAHBLite\5.2.100\rtl\vlog\core\coreahblite_masterstage.v</path><type>HDL</type><fileset>HDL_FILESET</fileset><local>true</local><used>true</used><selectable>true</selectable><timestamp>1472725027</timestamp><used_for_compile>false</used_for_compile><used_for_synthesis>false</used_for_synthesis><used_for_timing>false</used_for_timing></file><file><path>component\Actel\DirectCore\CoreAHBLite\5.2.100\rtl\vlog\core\coreahblite_matrix4x16.v</path><type>HDL</type><fileset>HDL_FILESET</fileset><local>true</local><used>true</used><selectable>true</selectable><timestamp>1472725027</timestamp><used_for_compile>false</used_for_compile><used_for_synthesis>false</used_for_synthesis><used_for_timing>false</used_for_timing></file><file><path>component\Actel\DirectCore\CoreAHBLite\5.2.100\rtl\vlog\core\coreahblite_slavearbiter.v</path><type>HDL</type><fileset>HDL_FILESET</fileset><local>true</local><used>true</used><selectable>true</selectable><timestamp>1472725027</timestamp><used_for_compile>false</used_for_compile><used_for_synthesis>false</used_for_synthesis><used_for_timing>false</used_for_timing></file><file><path>component\Actel\DirectCore\CoreAHBLite\5.2.100\rtl\vlog\core\coreahblite_slavestage.v</path><type>HDL</type><fileset>HDL_FILESET</fileset><local>true</local><used>true</used><selectable>true</selectable><timestamp>1472725027</timestamp><used_for_compile>false</used_for_compile><used_for_synthesis>false</used_for_synthesis><used_for_timing>false</used_for_timing></file><file><path>component\Actel\DirectCore\COREAHBTOAPB3\3.1.100\rtl\vlog\core\coreahbtoapb3.v</path><type>HDL</type><fileset>HDL_FILESET</fileset><local>true</local><used>true</used><selectable>true</selectable><timestamp>1473955218</timestamp><used_for_compile>false</used_for_compile><used_for_synthesis>false</used_for_synthesis><used_for_timing>false</used_for_timing></file><file><path>component\Actel\DirectCore\COREAHBTOAPB3\3.1.100\rtl\vlog\core\coreahbtoapb3_ahbtoapbsm.v</path><type>HDL</type><fileset>HDL_FILESET</fileset><local>true</local><used>true</used><selectable>true</selectable><timestamp>1473955218</timestamp><used_for_compile>false</used_for_compile><used_for_synthesis>false</used_for_synthesis><used_for_timing>false</used_for_timing></file><file><path>component\Actel\DirectCore\COREAHBTOAPB3\3.1.100\rtl\vlog\core\coreahbtoapb3_apbaddrdata.v</path><type>HDL</type><fileset>HDL_FILESET</fileset><local>true</local><used>true</used><selectable>true</selectable><timestamp>1473955218</timestamp><used_for_compile>false</used_for_compile><used_for_synthesis>false</used_for_synthesis><used_for_timing>false</used_for_timing></file><file><path>component\Actel\DirectCore\COREAHBTOAPB3\3.1.100\rtl\vlog\core\coreahbtoapb3_penablescheduler.v</path><type>HDL</type><fileset>HDL_FILESET</fileset><local>true</local><used>true</used><selectable>true</selectable><timestamp>1473955218</timestamp><used_for_compile>false</used_for_compile><used_for_synthesis>false</used_for_synthesis><used_for_timing>false</used_for_timing></file><file><path>component\Actel\DirectCore\CoreAPB3\4.1.100\rtl\vlog\core\coreapb3.v</path><type>HDL</type><fileset>HDL_FILESET</fileset><local>true</local><used>true</used><selectable>true</selectable><timestamp>1473955219</timestamp><used_for_compile>false</used_for_compile><used_for_synthesis>false</used_for_synthesis><used_for_timing>false</used_for_timing></file><file><path>component\Actel\DirectCore\CoreAPB3\4.1.100\rtl\vlog\core\coreapb3_iaddr_reg.v</path><type>HDL</type><fileset>HDL_FILESET</fileset><local>true</local><used>true</used><selectable>true</selectable><timestamp>1473955219</timestamp><used_for_compile>false</used_for_compile><used_for_synthesis>false</used_for_synthesis><used_for_timing>false</used_for_timing></file><file><path>component\Actel\DirectCore\CoreAPB3\4.1.100\rtl\vlog\core\coreapb3_muxptob3.v</path><type>HDL</type><fileset>HDL_FILESET</fileset><local>true</local><used>true</used><selectable>true</selectable><timestamp>1473955219</timestamp><used_for_compile>false</used_for_compile><used_for_synthesis>false</used_for_synthesis><used_for_timing>false</used_for_timing></file><file><path>component\Actel\DirectCore\COREAXITOAHBL\3.0.101\rtl\vlog\core\CoreAXItoAHBL.v</path><type>HDL</type><fileset>HDL_FILESET</fileset><local>true</local><used>true</used><selectable>true</selectable><timestamp>1473955219</timestamp><used_for_compile>false</used_for_compile><used_for_synthesis>false</used_for_synthesis><used_for_timing>false</used_for_timing></file><file><path>component\Actel\DirectCore\COREAXITOAHBL\3.0.101\rtl\vlog\core\CoreAXItoAHBL_AHBMasterCtrl.v</path><type>HDL</type><fileset>HDL_FILESET</fileset><local>true</local><used>true</used><selectable>true</selectable><timestamp>1473955219</timestamp><used_for_compile>false</used_for_compile><used_for_synthesis>false</used_for_synthesis><used_for_timing>false</used_for_timing></file><file><path>component\Actel\DirectCore\COREAXITOAHBL\3.0.101\rtl\vlog\core\CoreAXItoAHBL_AXIOutReg.v</path><type>HDL</type><fileset>HDL_FILESET</fileset><local>true</local><used>true</used><selectable>true</selectable><timestamp>1473955219</timestamp><used_for_compile>false</used_for_compile><used_for_synthesis>false</used_for_synthesis><used_for_timing>false</used_for_timing></file><file><path>component\Actel\DirectCore\COREAXITOAHBL\3.0.101\rtl\vlog\core\CoreAXItoAHBL_AXISlaveCtrl.v</path><type>HDL</type><fileset>HDL_FILESET</fileset><local>true</local><used>true</used><selectable>true</selectable><timestamp>1473955219</timestamp><used_for_compile>false</used_for_compile><used_for_synthesis>false</used_for_synthesis><used_for_timing>false</used_for_timing></file><file><path>component\Actel\DirectCore\COREAXITOAHBL\3.0.101\rtl\vlog\core\CoreAXItoAHBL_RAM_syncWrAsyncRd.v</path><type>HDL</type><fileset>HDL_FILESET</fileset><local>true</local><used>true</used><selectable>true</selectable><timestamp>1487242763</timestamp><used_for_compile>false</used_for_compile><used_for_synthesis>false</used_for_synthesis><used_for_timing>false</used_for_timing></file><file><path>component\Actel\DirectCore\COREAXITOAHBL\3.0.101\rtl\vlog\core\CoreAXItoAHBL_readByteCnt.v</path><type>HDL</type><fileset>HDL_FILESET</fileset><local>true</local><used>true</used><selectable>true</selectable><timestamp>1473955219</timestamp><used_for_compile>false</used_for_compile><used_for_synthesis>false</used_for_synthesis><used_for_timing>false</used_for_timing></file><file><path>component\Actel\DirectCore\COREAXITOAHBL\3.0.101\rtl\vlog\core\CoreAXItoAHBL_synchronizer.v</path><type>HDL</type><fileset>HDL_FILESET</fileset><local>true</local><used>true</used><selectable>true</selectable><timestamp>1473955219</timestamp><used_for_compile>false</used_for_compile><used_for_synthesis>false</used_for_synthesis><used_for_timing>false</used_for_timing></file><file><path>component\Actel\DirectCore\COREAXITOAHBL\3.0.101\rtl\vlog\core\CoreAXItoAHBL_WSTRBAddrOffset.v</path><type>HDL</type><fileset>HDL_FILESET</fileset><local>true</local><used>true</used><selectable>true</selectable><timestamp>1473955219</timestamp><used_for_compile>false</used_for_compile><used_for_synthesis>false</used_for_synthesis><used_for_timing>false</used_for_timing></file><file><path>component\Actel\DirectCore\COREAXITOAHBL\3.0.101\rtl\vlog\core\CoreAXItoAHBL_WSTRBPopCntr.v</path><type>HDL</type><fileset>HDL_FILESET</fileset><local>true</local><used>true</used><selectable>true</selectable><timestamp>1473955219</timestamp><used_for_compile>false</used_for_compile><used_for_synthesis>false</used_for_synthesis><used_for_timing>false</used_for_timing></file><file><path>component\Actel\DirectCore\CoreConfigMaster\2.1.102\rtl\vlog\core\coreconfigmaster.v</path><type>HDL</type><fileset>HDL_FILESET</fileset><local>true</local><used>true</used><selectable>true</selectable><timestamp>1480334883</timestamp><used_for_compile>false</used_for_compile><used_for_synthesis>false</used_for_synthesis><used_for_timing>false</used_for_timing></file><file><path>component\Actel\DirectCore\CoreConfigP\7.1.100\rtl\vlog\core\coreconfigp.v</path><type>HDL</type><fileset>HDL_FILESET</fileset><local>true</local><used>true</used><selectable>true</selectable><timestamp>1471423436</timestamp><used_for_compile>false</used_for_compile><used_for_synthesis>false</used_for_synthesis><used_for_timing>false</used_for_timing></file><file><path>component\Actel\DirectCore\CoreGPIO\3.1.101\rtl\vlog\core\coregpio.v</path><type>HDL</type><fileset>HDL_FILESET</fileset><local>true</local><used>true</used><selectable>true</selectable><timestamp>1473955219</timestamp><used_for_compile>false</used_for_compile><used_for_synthesis>false</used_for_synthesis><used_for_timing>false</used_for_timing></file><file><path>component\Actel\DirectCore\COREJTAGDEBUG\1.0.101\rtl\vlog\core\corejtagdebug.v</path><type>HDL</type><fileset>HDL_FILESET</fileset><local>true</local><used>true</used><selectable>true</selectable><timestamp>1480337636</timestamp><used_for_compile>false</used_for_compile><used_for_synthesis>false</used_for_synthesis><used_for_timing>false</used_for_timing></file><file><path>component\Actel\DirectCore\COREJTAGDEBUG\1.0.101\rtl\vlog\core\corejtagdebug_uj_jtag.v</path><type>HDL</type><fileset>HDL_FILESET</fileset><local>true</local><used>true</used><selectable>true</selectable><timestamp>1480337636</timestamp><used_for_compile>false</used_for_compile><used_for_synthesis>false</used_for_synthesis><used_for_timing>false</used_for_timing></file><file><path>component\Actel\DirectCore\CoreResetP\7.1.100\rtl\vlog\core\coreresetp.v</path><type>HDL</type><fileset>HDL_FILESET</fileset><local>true</local><used>true</used><selectable>true</selectable><timestamp>1471423436</timestamp><used_for_compile>false</used_for_compile><used_for_synthesis>false</used_for_synthesis><used_for_timing>false</used_for_timing></file><file><path>component\Actel\DirectCore\CoreResetP\7.1.100\rtl\vlog\core\coreresetp_pcie_hotreset.v</path><type>HDL</type><fileset>HDL_FILESET</fileset><local>true</local><used>true</used><selectable>true</selectable><timestamp>1471423436</timestamp><used_for_compile>false</used_for_compile><used_for_synthesis>false</used_for_synthesis><used_for_timing>false</used_for_timing></file><file><path>component\Actel\DirectCore\CORERISCV_AXI4\1.0.100\rtl\verilog\AsyncFifo.v</path><type>HDL</type><fileset>HDL_FILESET</fileset><local>true</local><used>true</used><selectable>true</selectable><timestamp>1480337637</timestamp><used_for_compile>false</used_for_compile><used_for_synthesis>false</used_for_synthesis><used_for_timing>false</used_for_timing></file><file><path>component\Actel\DirectCore\CORERISCV_AXI4\1.0.100\rtl\verilog\CoreRISCV_AXI4.v</path><type>HDL</type><fileset>HDL_FILESET</fileset><local>true</local><used>true</used><selectable>true</selectable><timestamp>1480337637</timestamp><used_for_compile>false</used_for_compile><used_for_synthesis>false</used_for_synthesis><used_for_timing>false</used_for_timing></file><file><path>component\Actel\DirectCore\CORERISCV_AXI4\1.0.100\rtl\verilog\DebugTransportModuleJtag.v</path><type>HDL</type><fileset>HDL_FILESET</fileset><local>true</local><used>true</used><selectable>true</selectable><timestamp>1480337637</timestamp><used_for_compile>false</used_for_compile><used_for_synthesis>false</used_for_synthesis><used_for_timing>false</used_for_timing></file><file><path>component\Actel\DirectCore\CORERISCV_AXI4\1.0.100\rtl\verilog\Top.v</path><type>HDL</type><fileset>HDL_FILESET</fileset><local>true</local><used>true</used><selectable>true</selectable><timestamp>1487242782</timestamp><used_for_compile>false</used_for_compile><used_for_synthesis>false</used_for_synthesis><used_for_timing>false</used_for_timing></file><file><path>component\Actel\DirectCore\CORESPI\5.1.104\rtl\vlog\core\corespi.v</path><type>HDL</type><fileset>HDL_FILESET</fileset><local>true</local><used>true</used><selectable>true</selectable><timestamp>1482338622</timestamp><used_for_compile>false</used_for_compile><used_for_synthesis>false</used_for_synthesis><used_for_timing>false</used_for_timing></file><file><path>component\Actel\DirectCore\CORESPI\5.1.104\rtl\vlog\core\spi.v</path><type>HDL</type><fileset>HDL_FILESET</fileset><local>true</local><used>true</used><selectable>true</selectable><timestamp>1482338622</timestamp><used_for_compile>false</used_for_compile><used_for_synthesis>false</used_for_synthesis><used_for_timing>false</used_for_timing></file><file><path>component\Actel\DirectCore\CORESPI\5.1.104\rtl\vlog\core\spi_chanctrl.v</path><type>HDL</type><fileset>HDL_FILESET</fileset><local>true</local><used>true</used><selectable>true</selectable><timestamp>1482338622</timestamp><used_for_compile>false</used_for_compile><used_for_synthesis>false</used_for_synthesis><used_for_timing>false</used_for_timing></file><file><path>component\Actel\DirectCore\CORESPI\5.1.104\rtl\vlog\core\spi_clockmux.v</path><type>HDL</type><fileset>HDL_FILESET</fileset><local>true</local><used>true</used><selectable>true</selectable><timestamp>1482338622</timestamp><used_for_compile>false</used_for_compile><used_for_synthesis>false</used_for_synthesis><used_for_timing>false</used_for_timing></file><file><path>component\Actel\DirectCore\CORESPI\5.1.104\rtl\vlog\core\spi_control.v</path><type>HDL</type><fileset>HDL_FILESET</fileset><local>true</local><used>true</used><selectable>true</selectable><timestamp>1482338622</timestamp><used_for_compile>false</used_for_compile><used_for_synthesis>false</used_for_synthesis><used_for_timing>false</used_for_timing></file><file><path>component\Actel\DirectCore\CORESPI\5.1.104\rtl\vlog\core\spi_fifo.v</path><type>HDL</type><fileset>HDL_FILESET</fileset><local>true</local><used>true</used><selectable>true</selectable><timestamp>1482338622</timestamp><used_for_compile>false</used_for_compile><used_for_synthesis>false</used_for_synthesis><used_for_timing>false</used_for_timing></file><file><path>component\Actel\DirectCore\CORESPI\5.1.104\rtl\vlog\core\spi_rf.v</path><type>HDL</type><fileset>HDL_FILESET</fileset><local>true</local><used>true</used><selectable>true</selectable><timestamp>1482338622</timestamp><used_for_compile>false</used_for_compile><used_for_synthesis>false</used_for_synthesis><used_for_timing>false</used_for_timing></file><file><path>component\Actel\DirectCore\CoreTimer\2.0.103\rtl\vlog\core\coretimer.v</path><type>HDL</type><fileset>HDL_FILESET</fileset><local>true</local><used>true</used><selectable>true</selectable><timestamp>1473955220</timestamp><used_for_compile>false</used_for_compile><used_for_synthesis>false</used_for_synthesis><used_for_timing>false</used_for_timing></file><file><path>component\Actel\SgCore\OSC\2.0.101\osc_comps.v</path><type>HDL</type><fileset>HDL_FILESET</fileset><local>true</local><used>true</used><selectable>true</selectable><timestamp>1471423437</timestamp><used_for_compile>false</used_for_compile><used_for_synthesis>false</used_for_synthesis><used_for_timing>false</used_for_timing></file><file><path>component\Actel\SgCore\OSC\2.0.101\osc_comps_pre.v</path><type>HDL</type><fileset>HDL_FILESET</fileset><local>true</local><used>false</used><selectable>true</selectable><timestamp>1471423437</timestamp><used_for_compile>false</used_for_compile><used_for_synthesis>false</used_for_synthesis><used_for_timing>false</used_for_timing></file><file><path>component\User\GlueLogic\AXI_GLUE_LOGIC\1.0.7\vlog\AXI_glue_logic.v</path><type>HDL</type><fileset>HDL_FILESET</fileset><local>true</local><used>true</used><selectable>true</selectable><timestamp>1479210704</timestamp><used_for_compile>false</used_for_compile><used_for_synthesis>false</used_for_synthesis><used_for_timing>false</used_for_timing></file><file><path>component\USER\UserCore\MIRSLV2MIRMSTRBRIDGE_AHB\1.0.3\rtl\core\mirslv2mirmstrbridge_ahb.v</path><type>HDL</type><fileset>HDL_FILESET</fileset><local>true</local><used>true</used><selectable>true</selectable><timestamp>1484310285</timestamp><used_for_compile>false</used_for_compile><used_for_synthesis>false</used_for_synthesis><used_for_timing>false</used_for_timing></file><file><path>component\work\HPMS_0\CoreUARTapb_0\rtl\vlog\core\Clock_gen.v</path><type>HDL</type><fileset>HDL_FILESET</fileset><local>true</local><used>true</used><selectable>true</selectable><timestamp>1487242676</timestamp><used_for_compile>false</used_for_compile><used_for_synthesis>false</used_for_synthesis><used_for_timing>false</used_for_timing></file><file><path>component\work\HPMS_0\CoreUARTapb_0\rtl\vlog\core\CoreUART.v</path><type>HDL</type><fileset>HDL_FILESET</fileset><local>true</local><used>true</used><selectable>true</selectable><timestamp>1487242676</timestamp><used_for_compile>false</used_for_compile><used_for_synthesis>false</used_for_synthesis><used_for_timing>false</used_for_timing></file><file><path>component\work\HPMS_0\CoreUARTapb_0\rtl\vlog\core\CoreUARTapb.v</path><type>HDL</type><fileset>HDL_FILESET</fileset><local>true</local><used>true</used><selectable>true</selectable><timestamp>1487242676</timestamp><used_for_compile>false</used_for_compile><used_for_synthesis>false</used_for_synthesis><used_for_timing>false</used_for_timing></file><file><path>component\work\HPMS_0\CoreUARTapb_0\rtl\vlog\core\fifo_256x8_g4.v</path><type>HDL</type><fileset>HDL_FILESET</fileset><local>true</local><used>true</used><selectable>true</selectable><timestamp>1487242676</timestamp><used_for_compile>false</used_for_compile><used_for_synthesis>false</used_for_synthesis><used_for_timing>false</used_for_timing></file><file><path>component\work\HPMS_0\CoreUARTapb_0\rtl\vlog\core\Rx_async.v</path><type>HDL</type><fileset>HDL_FILESET</fileset><local>true</local><used>true</used><selectable>true</selectable><timestamp>1487242676</timestamp><used_for_compile>false</used_for_compile><used_for_synthesis>false</used_for_synthesis><used_for_timing>false</used_for_timing></file><file><path>component\work\HPMS_0\CoreUARTapb_0\rtl\vlog\core\Tx_async.v</path><type>HDL</type><fileset>HDL_FILESET</fileset><local>true</local><used>true</used><selectable>true</selectable><timestamp>1487242676</timestamp><used_for_compile>false</used_for_compile><used_for_synthesis>false</used_for_synthesis><used_for_timing>false</used_for_timing></file><file><path>component\work\HPMS_0\HPMS_0.v</path><type>HDL</type><fileset>HDL_FILESET</fileset><local>true</local><used>true</used><selectable>true</selectable><timestamp>1487242676</timestamp><used_for_compile>false</used_for_compile><used_for_synthesis>false</used_for_synthesis><used_for_timing>false</used_for_timing></file><file><path>component\work\HPMS_0_sb\CCC_0\HPMS_0_sb_CCC_0_FCCC.v</path><type>HDL</type><fileset>HDL_FILESET</fileset><local>true</local><used>true</used><selectable>true</selectable><timestamp>1487242624</timestamp><used_for_compile>false</used_for_compile><used_for_synthesis>false</used_for_synthesis><used_for_timing>false</used_for_timing></file><file><path>component\work\HPMS_0_sb\FABOSC_0\HPMS_0_sb_FABOSC_0_OSC.v</path><type>HDL</type><fileset>HDL_FILESET</fileset><local>true</local><used>true</used><selectable>true</selectable><timestamp>1487242626</timestamp><used_for_compile>false</used_for_compile><used_for_synthesis>false</used_for_synthesis><used_for_timing>false</used_for_timing></file><file><path>component\work\HPMS_0_sb\HPMS_0_sb.v</path><type>HDL</type><fileset>HDL_FILESET</fileset><local>true</local><used>true</used><selectable>true</selectable><timestamp>1487242626</timestamp><used_for_compile>false</used_for_compile><used_for_synthesis>false</used_for_synthesis><used_for_timing>false</used_for_timing></file><file><path>component\work\HPMS_0_sb_HPMS\HPMS_0_sb_HPMS.v</path><type>HDL</type><fileset>HDL_FILESET</fileset><local>true</local><used>true</used><selectable>true</selectable><timestamp>1487242531</timestamp><used_for_compile>false</used_for_compile><used_for_synthesis>false</used_for_synthesis><used_for_timing>false</used_for_timing></file><file><path>component\work\HPMS_0_sb_HPMS\HPMS_0_sb_HPMS_pre.v</path><type>HDL</type><fileset>HDL_FILESET</fileset><local>true</local><used>false</used><selectable>true</selectable><timestamp>1487242529</timestamp><used_for_compile>false</used_for_compile><used_for_synthesis>false</used_for_synthesis><used_for_timing>false</used_for_timing></file><file><path>component\work\HPMS_0_sb_HPMS\HPMS_0_sb_HPMS_syn.v</path><type>HDL</type><fileset>HDL_FILESET</fileset><local>true</local><used>true</used><selectable>true</selectable><timestamp>1487242529</timestamp><used_for_compile>false</used_for_compile><used_for_synthesis>false</used_for_synthesis><used_for_timing>false</used_for_timing></file></input_files><output_files/><report_files/></tool><tool Constraint_Default="true" Simulation_Default="true" Source_Default="true" Stimulus_Default="true" internal_name="CONFIGURE_CHAIN" library="Tool" name="ConfigureChain" state="0" vendor="Actel" version="1.0.101"><configuration/><input_files/><output_files/><report_files/></tool><tool Constraint_Default="true" Simulation_Default="true" Source_Default="true" Stimulus_Default="true" internal_name="COMPILE" library="Tool" name="g4compile" state="0" vendor="Actel" version="1.0.51"><configuration><spirit:hwParameter spirit:name="BLOCK_MODE">false</spirit:hwParameter><spirit:hwParameter spirit:name="BLOCK_PLACEMENT_CONFLICTS">ERROR</spirit:hwParameter><spirit:hwParameter spirit:name="BLOCK_ROUTING_CONFLICTS">LOCK</spirit:hwParameter><spirit:hwParameter spirit:name="PA4_GB_COUNT"/><spirit:hwParameter spirit:name="PA4_GB_MAX_FANOUT_DATA_MOVE"/><spirit:hwParameter spirit:name="PA4_GB_MAX_RCLKINT_INSERTION"/><spirit:hwParameter spirit:name="PA4_GB_MIN_GB_FANOUT_TO_USE_RCLKINT"/></configuration><input_files/><output_files/><report_files/></tool><tool Constraint_Default="true" Simulation_Default="true" Source_Default="true" Stimulus_Default="true" internal_name="PUBLISHBLOCK" library="Tool" name="PublishDesignerBlock" state="0" vendor="Actel" version="1.0.106"><configuration><spirit:hwParameter spirit:name="LANGUAGE">verilog</spirit:hwParameter><spirit:hwParameter spirit:name="LIB">UserBlock</spirit:hwParameter><spirit:hwParameter spirit:name="NAME">Block</spirit:hwParameter><spirit:hwParameter spirit:name="PLACEMENT">true</spirit:hwParameter><spirit:hwParameter spirit:name="REGION">true</spirit:hwParameter><spirit:hwParameter spirit:name="ROUTING">true</spirit:hwParameter><spirit:hwParameter spirit:name="VENDOR">Company</spirit:hwParameter><spirit:hwParameter spirit:name="VERSION">1.0</spirit:hwParameter></configuration><input_files/><output_files/><report_files/></tool><tool Constraint_Default="true" Simulation_Default="true" Source_Default="true" Stimulus_Default="true" internal_name="FLASH_FREEZE" library="Tool" name="g4ff" state="0" vendor="Actel" version="1.0.101"><configuration><spirit:hwParameter spirit:name="FF_MSS_CLOCK">RCOSC_1MHZ</spirit:hwParameter><spirit:hwParameter spirit:name="FF_RAM_STATE">SUSPEND</spirit:hwParameter></configuration><input_files/><output_files/><report_files/></tool><tool Constraint_Default="false" Simulation_Default="true" Source_Default="true" Stimulus_Default="true" internal_name="PLACEROUTE" library="Tool" name="g4layout_placer" state="9" vendor="Actel" version="1.0.35"><configuration><spirit:hwParameter spirit:name="DELAY_ANALYSIS">MAX</spirit:hwParameter><spirit:hwParameter spirit:name="EFFORT_LEVEL">false</spirit:hwParameter><spirit:hwParameter spirit:name="INCRPLACEANDROUTE">false</spirit:hwParameter><spirit:hwParameter spirit:name="MULTI_PASS_CRITERIA">VIOLATIONS</spirit:hwParameter><spirit:hwParameter spirit:name="MULTI_PASS_LAYOUT">false</spirit:hwParameter><spirit:hwParameter spirit:name="NUM_MULTI_PASSES">5</spirit:hwParameter><spirit:hwParameter spirit:name="PDPR">false</spirit:hwParameter><spirit:hwParameter spirit:name="RANDOM_SEED">0</spirit:hwParameter><spirit:hwParameter spirit:name="REPAIR_MIN_DELAY">true</spirit:hwParameter><spirit:hwParameter spirit:name="SLACK_CRITERIA">WORST_SLACK</spirit:hwParameter><spirit:hwParameter spirit:name="SPECIFIC_CLOCK"/><spirit:hwParameter spirit:name="START_SEED_INDEX">1</spirit:hwParameter><spirit:hwParameter spirit:name="STOP_ON_FIRST_PASS">false</spirit:hwParameter><spirit:hwParameter spirit:name="TDPR">true</spirit:hwParameter></configuration><input_files><file><path>constraint\io\user.pdc</path><type>PDC</type><fileset>DESIGNER_FILESET</fileset><local>true</local><used>true</used><selectable>true</selectable><timestamp>1487002384</timestamp><used_for_compile>false</used_for_compile><used_for_synthesis>false</used_for_synthesis><used_for_timing>false</used_for_timing></file><file><path>constraint\fp\HPMS_0_derived_constraints.pdc</path><type>PDC</type><fileset>DESIGNER_FILESET</fileset><local>true</local><used>true</used><selectable>true</selectable><timestamp>1486999184</timestamp><used_for_compile>false</used_for_compile><used_for_synthesis>false</used_for_synthesis><used_for_timing>false</used_for_timing></file><file><path>synthesis\HPMS_0_sdc.sdc</path><type>SDC_SYN</type><fileset>OTHER_SYNTHESIS_FILESET</fileset><local>true</local><used>false</used><selectable>true</selectable><timestamp>1487242939</timestamp><used_for_compile>false</used_for_compile><used_for_synthesis>false</used_for_synthesis><used_for_timing>false</used_for_timing></file><file><path>constraint\HPMS_0_derived_constraints.sdc</path><type>SDC_PRJ</type><fileset>DESIGNER_FILESET</fileset><local>true</local><used>true</used><selectable>true</selectable><timestamp>1486999184</timestamp><used_for_compile>false</used_for_compile><used_for_synthesis>false</used_for_synthesis><used_for_timing>false</used_for_timing></file><file><path>constraint\user.sdc</path><type>SDC_PRJ</type><fileset>DESIGNER_FILESET</fileset><local>true</local><used>true</used><selectable>true</selectable><timestamp>1486546588</timestamp><used_for_compile>false</used_for_compile><used_for_synthesis>false</used_for_synthesis><used_for_timing>false</used_for_timing></file></input_files><output_files/><report_files><file><path>designer\HPMS_0\HPMS_0_layout_log.log</path><type>LOG</type><fileset>OTHER_FILESET</fileset><local>true</local><used>false</used><selectable>true</selectable><timestamp>0</timestamp><used_for_compile>false</used_for_compile><used_for_synthesis>false</used_for_synthesis><used_for_timing>false</used_for_timing></file></report_files></tool><tool Constraint_Default="true" Simulation_Default="true" Source_Default="true" Stimulus_Default="true" internal_name="GENERATEPROGRAMMINGDATA" library="Tool" name="g4layout_mapper" state="0" vendor="Actel" version="1.0.2"><configuration/><input_files/><output_files/><report_files/></tool><tool Constraint_Default="true" Simulation_Default="true" Source_Default="true" Stimulus_Default="true" internal_name="EXPORTSMARTDEBUGDATA" library="Tool" name="ExportSmartDebugData" state="0" vendor="Actel" version="1.0.100"><configuration/><input_files/><output_files/><report_files/></tool><tool Constraint_Default="true" Simulation_Default="true" Source_Default="true" Stimulus_Default="true" internal_name="EXPORTJOBDATA" library="Tool" name="ExportJobData" state="0" vendor="Actel" version="1.0.100"><configuration/><input_files/><output_files/><report_files/></tool><tool Constraint_Default="true" Simulation_Default="true" Source_Default="true" Stimulus_Default="true" internal_name="EXPORTPROGRAMMINGJOB" library="Tool" name="ExportProgrammingJob" state="0" vendor="Actel" version="1.0.100"><configuration/><input_files/><output_files/><report_files/></tool><tool Constraint_Default="true" Simulation_Default="true" Source_Default="true" Stimulus_Default="true" internal_name="EXPORTPROGRAMMINGFILE" library="Tool" name="ExportProgrammingFile" state="0" vendor="Actel" version="1.0.107"><configuration/><input_files/><output_files/><report_files/></tool><tool Constraint_Default="true" Simulation_Default="true" Source_Default="true" Stimulus_Default="true" internal_name="GENERATEPROGRAMMINGFILE" library="Tool" name="GenerateProgrammingFile" state="0" vendor="Actel" version="1.0.101"><configuration><spirit:hwParameter spirit:name="program_envm">false</spirit:hwParameter><spirit:hwParameter spirit:name="program_fabric">false</spirit:hwParameter><spirit:hwParameter spirit:name="program_mode">selected_features</spirit:hwParameter><spirit:hwParameter spirit:name="program_security">false</spirit:hwParameter></configuration><input_files/><output_files/><report_files/></tool><tool Constraint_Default="true" Simulation_Default="true" Source_Default="true" Stimulus_Default="true" internal_name="PROGRAMDEVICE" library="Tool" name="ProgramDevice" state="0" vendor="Actel" version="1.0.105"><configuration><spirit:hwParameter spirit:name="prog_action">PROGRAM</spirit:hwParameter><spirit:hwParameter spirit:name="prog_optional_procedures"/></configuration><input_files/><output_files/><report_files><file><path>designer\HPMS_0\HPMS_0_fp\HPMS_0_PROGRAM.log</path><type>LOG</type><fileset>OTHER_FILESET</fileset><local>true</local><used>false</used><selectable>true</selectable><timestamp>0</timestamp><used_for_compile>false</used_for_compile><used_for_synthesis>false</used_for_synthesis><used_for_timing>false</used_for_timing></file><file><path>designer\HPMS_0\HPMS_0_fp\HPMS_0_ERASE.log</path><type>LOG</type><fileset>OTHER_FILESET</fileset><local>true</local><used>false</used><selectable>true</selectable><timestamp>0</timestamp><used_for_compile>false</used_for_compile><used_for_synthesis>false</used_for_synthesis><used_for_timing>false</used_for_timing></file></report_files></tool><tool Constraint_Default="true" Simulation_Default="true" Source_Default="true" Stimulus_Default="true" internal_name="INSTRUMENTDESIGN" library="Tool" name="InstrumentDesign" state="0" vendor="Actel" version="1.0.100"><configuration/><input_files/><output_files/><report_files/></tool><tool Constraint_Default="true" Simulation_Default="true" Source_Default="true" Stimulus_Default="true" internal_name="EXPORTSDF" library="Tool" name="g4ba" state="0" vendor="Actel" version="1.0.12"><configuration><spirit:hwParameter spirit:name="DELAY_TYPE">false</spirit:hwParameter><spirit:hwParameter spirit:name="EXPORT_HDL_TYPE">VERILOG</spirit:hwParameter></configuration><input_files/><output_files/><report_files/></tool><tool Constraint_Default="true" Simulation_Default="true" Source_Default="true" Stimulus_Default="true" internal_name="SIM_POSTLAYOUT" library="Tool" name="BackAnnotatedSimulation" state="0" vendor="Actel" version="1.0.100"><configuration/><input_files/><output_files/><report_files/></tool><tool Constraint_Default="true" Simulation_Default="true" Source_Default="true" Stimulus_Default="true" internal_name="EXPORTG4IBIS" library="Tool" name="ExportG4IBIS" state="0" vendor="Actel" version="1.0.102"><configuration/><input_files/><output_files/><report_files/></tool><tool Constraint_Default="true" Simulation_Default="true" Source_Default="true" Stimulus_Default="true" internal_name="EXPORTBSDL" library="Tool" name="ExportBSDL" state="0" vendor="Actel" version="1.0.100"><configuration/><input_files/><output_files/><report_files/></tool><tool Constraint_Default="true" Simulation_Default="true" Source_Default="true" Stimulus_Default="true" internal_name="EXPORTPIN" library="Tool" name="pinrpt" state="0" vendor="Actel" version="1.0.12"><configuration><spirit:hwParameter spirit:name="PINRPT_BY_NAME">true</spirit:hwParameter><spirit:hwParameter spirit:name="PINRPT_BY_NUMBER">true</spirit:hwParameter></configuration><input_files/><output_files/><report_files/></tool><tool Constraint_Default="true" Simulation_Default="true" Source_Default="true" Stimulus_Default="true" internal_name="SSNANALYZER" library="Tool" name="SSNAnalyzer" state="0" vendor="Actel" version="1.0.100"><configuration/><input_files/><output_files/><report_files/></tool><tool Constraint_Default="true" Simulation_Default="true" Source_Default="true" Stimulus_Default="true" internal_name="VERIFYPOWER" library="Tool" name="SmartPower" state="0" vendor="Actel" version="1.0.100"><configuration/><input_files/><output_files/><report_files/></tool><tool Constraint_Default="true" Simulation_Default="true" Source_Default="true" Stimulus_Default="true" internal_name="VERIFYTIMING_ST" library="Tool" name="st_analysis_st" state="0" vendor="Actel" version="1.0.0"><configuration/><input_files><file><path>synthesis\HPMS_0_sdc.sdc</path><type>SDC_SYN</type><fileset>OTHER_SYNTHESIS_FILESET</fileset><local>true</local><used>false</used><selectable>true</selectable><timestamp>1486982410</timestamp><used_for_compile>false</used_for_compile><used_for_synthesis>false</used_for_synthesis><used_for_timing>false</used_for_timing></file><file><path>constraint\HPMS_0_derived_constraints.sdc</path><type>SDC_PRJ</type><fileset>DESIGNER_FILESET</fileset><local>true</local><used>true</used><selectable>true</selectable><timestamp>1486546544</timestamp><used_for_compile>false</used_for_compile><used_for_synthesis>false</used_for_synthesis><used_for_timing>false</used_for_timing></file><file><path>constraint\user.sdc</path><type>SDC_PRJ</type><fileset>DESIGNER_FILESET</fileset><local>true</local><used>true</used><selectable>true</selectable><timestamp>1486546588</timestamp><used_for_compile>false</used_for_compile><used_for_synthesis>false</used_for_synthesis><used_for_timing>false</used_for_timing></file></input_files><output_files/><report_files/></tool><tool Constraint_Default="false" Simulation_Default="true" Source_Default="true" Stimulus_Default="true" internal_name="VERIFYTIMING" library="Tool" name="st_analysis" state="0" vendor="Actel" version="1.0.12"><configuration><spirit:hwParameter spirit:name="CONSTRAINTS_COVERAGE">true</spirit:hwParameter><spirit:hwParameter spirit:name="FORMAT">XML</spirit:hwParameter><spirit:hwParameter spirit:name="MAX_TIMING_FAST_HV_LT">false</spirit:hwParameter><spirit:hwParameter spirit:name="MAX_TIMING_SLOW_LV_HT">true</spirit:hwParameter><spirit:hwParameter spirit:name="MAX_TIMING_VIOLATIONS_FAST_HV_LT">false</spirit:hwParameter><spirit:hwParameter spirit:name="MAX_TIMING_VIOLATIONS_SLOW_LV_HT">true</spirit:hwParameter><spirit:hwParameter spirit:name="MIN_TIMING_FAST_HV_LT">true</spirit:hwParameter><spirit:hwParameter spirit:name="MIN_TIMING_SLOW_LV_HT">false</spirit:hwParameter><spirit:hwParameter spirit:name="MIN_TIMING_VIOLATIONS_FAST_HV_LT">true</spirit:hwParameter><spirit:hwParameter spirit:name="MIN_TIMING_VIOLATIONS_SLOW_LV_HT">false</spirit:hwParameter></configuration><input_files><file><path>synthesis\HPMS_0_sdc.sdc</path><type>SDC_SYN</type><fileset>OTHER_SYNTHESIS_FILESET</fileset><local>true</local><used>false</used><selectable>true</selectable><timestamp>1486982410</timestamp><used_for_compile>false</used_for_compile><used_for_synthesis>false</used_for_synthesis><used_for_timing>false</used_for_timing></file><file><path>constraint\HPMS_0_derived_constraints.sdc</path><type>SDC_PRJ</type><fileset>DESIGNER_FILESET</fileset><local>true</local><used>true</used><selectable>true</selectable><timestamp>1486546544</timestamp><used_for_compile>false</used_for_compile><used_for_synthesis>false</used_for_synthesis><used_for_timing>false</used_for_timing></file><file><path>constraint\user.sdc</path><type>SDC_PRJ</type><fileset>DESIGNER_FILESET</fileset><local>true</local><used>true</used><selectable>true</selectable><timestamp>1486546588</timestamp><used_for_compile>false</used_for_compile><used_for_synthesis>false</used_for_synthesis><used_for_timing>false</used_for_timing></file></input_files><output_files/><report_files/></tool></toolSetting>