<?xml version="1.0" encoding="UTF-8" standalone="no" ?>
<?xml-stylesheet href="rptstyle.xsl" type="text/xsl" ?>
<doc>
<title>Global Net Report</title>
<text>Microsemi Corporation - Microsemi Libero Software Release v11.8 SP3 (Version 11.8.3.6)</text>
<text>Date: Wed Aug 08 15:28:26 2018
</text>
<section>
<name>Global Nets Information</name>
<table>
<header>
 <cell/>
 <cell> From </cell>
 <cell> GB Location </cell>
 <cell> Net Name </cell>
 <cell> Fanout </cell>
</header>
<row>
 <cell>1</cell>
 <cell>GB[12] </cell>
 <cell>(306, 72)</cell>
 <cell>HPMS_0_sb_0/CCC_0/GL0_INST/U0_YWn</cell>
 <cell>5716</cell>
</row>
<row>
 <cell>2</cell>
 <cell>GB[6] </cell>
 <cell>(296, 72)</cell>
 <cell>HPMS_0_sb_0/CORERESETP_0/INIT_DONE_int_RNIKRPF/U0_YWn</cell>
 <cell>498</cell>
</row>
<row>
 <cell>3</cell>
 <cell>GB[5] </cell>
 <cell>(295, 72)</cell>
 <cell>HPMS_0_sb_0/CORERESETP_0/MSS_HPMS_READY_int_RNIPQ52/U0_YWn_GEast</cell>
 <cell>492</cell>
</row>
<row>
 <cell>4</cell>
 <cell>GB[11] </cell>
 <cell>(305, 72)</cell>
 <cell>COREJTAGDEBUG_0/tck_clkint/U0_YWn</cell>
 <cell>296</cell>
</row>
<row>
 <cell>5</cell>
 <cell>GB[0] </cell>
 <cell>(290, 72)</cell>
 <cell>HPMS_0_sb_0/HPMS_0_sb_HPMS_0/MSS_ADLIB_INST_RNIIQEF_0/U0_YWn_GEast</cell>
 <cell>78</cell>
</row>
<row>
 <cell>6</cell>
 <cell>GB[2] </cell>
 <cell>(292, 72)</cell>
 <cell>HPMS_0_sb_0/HPMS_0_sb_HPMS_0/MSS_ADLIB_INST_RNIIQEF/U0_YWn_GEast</cell>
 <cell>76</cell>
</row>
<row>
 <cell>7</cell>
 <cell>GB[7] </cell>
 <cell>(297, 72)</cell>
 <cell>HPMS_0_sb_0/CORERESETP_0/sm0_areset_n_clk_base_RNI4M4D/U0_YWn_GEast</cell>
 <cell>26</cell>
</row>
<row>
 <cell>8</cell>
 <cell>GB[15] </cell>
 <cell>(309, 72)</cell>
 <cell>HPMS_0_sb_0/FABOSC_0/I_RCOSC_25_50MHZ_FAB_CLKINT/U0_YWn_GEast</cell>
 <cell>22</cell>
</row>
<row>
 <cell>9</cell>
 <cell>GB[4] </cell>
 <cell>(294, 72)</cell>
 <cell>HPMS_0_sb_0/CORERESETP_0/sm0_areset_n_rcosc_RNIAKQF/U0_YWn_GEast</cell>
 <cell>17</cell>
</row>
<row>
 <cell>10</cell>
 <cell>GB[1] </cell>
 <cell>(291, 72)</cell>
 <cell>COREJTAGDEBUG_0/genblk1_UJTAG_0_RNIFG38/U0_YWn_GEast</cell>
 <cell>16</cell>
</row>
<row>
 <cell>11</cell>
 <cell>GB[3] </cell>
 <cell>(293, 72)</cell>
 <cell>COREJTAGDEBUG_0/genblk1_udrck_clkint/U0_YWn_GEast</cell>
 <cell>16</cell>
</row>
</table>
<text></text>
</section>
<section>
<name>I/O to GB Connections</name>
<text>(none)</text>
</section>
<section>
<name>Fabric to GB Connections</name>
<table>
<header>
 <cell/>
 <cell> From </cell>
 <cell> From Location </cell>
 <cell> To </cell>
 <cell> Net Name </cell>
 <cell> Net Type </cell>
 <cell> Fanout </cell>
</header>
<row>
 <cell>1</cell>
 <cell>HPMS_0_sb_0/CORERESETP_0/INIT_DONE_int:Q</cell>
 <cell>(591, 115)</cell>
 <cell>GB[6] </cell>
 <cell>HPMS_0_sb_0/CORERESETP_0/INIT_DONE_int</cell>
 <cell>ROUTED</cell>
 <cell>5</cell>
</row>
<row>
 <cell>2</cell>
 <cell>HPMS_0_sb_0/CORERESETP_0/MSS_HPMS_READY_int:Q</cell>
 <cell>(620, 106)</cell>
 <cell>GB[5] </cell>
 <cell>HPMS_0_sb_0/CORERESETP_0/MSS_HPMS_READY_int</cell>
 <cell>ROUTED</cell>
 <cell>2</cell>
</row>
<row>
 <cell>3</cell>
 <cell>COREJTAGDEBUG_0/genblk1.UJ_JTAG_0/un1_duttck_inferred_clock_RNI1HH4:Y</cell>
 <cell>(590, 6)</cell>
 <cell>GB[11] </cell>
 <cell>COREJTAGDEBUG_0/un1_duttck_i_0</cell>
 <cell>ROUTED</cell>
 <cell>1</cell>
</row>
<row>
 <cell>4</cell>
 <cell>HPMS_0_sb_0/HPMS_0_sb_HPMS_0/MSS_ADLIB_INST/INST_MSS_025_IP:CONFIG_PRESET_N</cell>
 <cell>(528, 146)</cell>
 <cell>GB[0] </cell>
 <cell>HPMS_0_sb_0/HPMS_0_sb_HPMS_0/CONFIG_PRESET_N</cell>
 <cell>ROUTED</cell>
 <cell>1</cell>
</row>
<row>
 <cell>5</cell>
 <cell>HPMS_0_sb_0/HPMS_0_sb_HPMS_0/MSS_ADLIB_INST/INST_MSS_025_IP:CLK_CONFIG_APB</cell>
 <cell>(528, 146)</cell>
 <cell>GB[2] </cell>
 <cell>HPMS_0_sb_0/HPMS_0_sb_HPMS_0/CLK_CONFIG_APB</cell>
 <cell>ROUTED</cell>
 <cell>1</cell>
</row>
<row>
 <cell>6</cell>
 <cell>HPMS_0_sb_0/CORERESETP_0/sm0_areset_n_clk_base:Q</cell>
 <cell>(592, 115)</cell>
 <cell>GB[7] </cell>
 <cell>HPMS_0_sb_0/CORERESETP_0/sm0_areset_n_clk_base_0</cell>
 <cell>ROUTED</cell>
 <cell>1</cell>
</row>
<row>
 <cell>7</cell>
 <cell>HPMS_0_sb_0/FABOSC_0/I_RCOSC_25_50MHZ_FAB:CLKOUT</cell>
 <cell>(25, 134)</cell>
 <cell>GB[15] </cell>
 <cell>HPMS_0_sb_0/FABOSC_0/N_RCOSC_25_50MHZ_CLKINT</cell>
 <cell>ROUTED</cell>
 <cell>1</cell>
</row>
<row>
 <cell>8</cell>
 <cell>HPMS_0_sb_0/CORERESETP_0/sm0_areset_n_rcosc:Q</cell>
 <cell>(589, 115)</cell>
 <cell>GB[4] </cell>
 <cell>HPMS_0_sb_0/CORERESETP_0/sm0_areset_n_rcosc_0</cell>
 <cell>ROUTED</cell>
 <cell>1</cell>
</row>
<row>
 <cell>9</cell>
 <cell>COREJTAGDEBUG_0/genblk1_UJTAG_0/INST_UJTAG_SYSRESET_FF_IP:URSTB</cell>
 <cell>(624, 8)</cell>
 <cell>GB[1] </cell>
 <cell>COREJTAGDEBUG_0/UJTAG_0_URSTB</cell>
 <cell>ROUTED</cell>
 <cell>2</cell>
</row>
<row>
 <cell>10</cell>
 <cell>COREJTAGDEBUG_0/genblk1_UJTAG_0/INST_UJTAG_SYSRESET_FF_IP:UDRCK</cell>
 <cell>(624, 8)</cell>
 <cell>GB[3] </cell>
 <cell>COREJTAGDEBUG_0/iUDRCK</cell>
 <cell>ROUTED</cell>
 <cell>2</cell>
</row>
</table>
<text></text>
</section>
<section>
<name>CCC to GB Connections</name>
<table>
<header>
 <cell/>
 <cell> From </cell>
 <cell> From Location </cell>
 <cell> To </cell>
 <cell> Net Name </cell>
 <cell> Net Type </cell>
 <cell> Fanout </cell>
</header>
<row>
 <cell>1</cell>
 <cell>HPMS_0_sb_0/CCC_0/CCC_INST/INST_CCC_IP:GL0</cell>
 <cell>CCC-NE1 (618, 134)</cell>
 <cell>GB[12] </cell>
 <cell>HPMS_0_sb_0/CCC_0/GL0_net</cell>
 <cell>HARDWIRED</cell>
 <cell>1</cell>
</row>
</table>
<text></text>
</section>
<section>
<name>CCC Input Connections</name>
<table>
<header>
 <cell/>
 <cell> Port Name </cell>
 <cell> Pin Number </cell>
 <cell> I/O Function </cell>
 <cell> From </cell>
 <cell> From Location </cell>
 <cell> To (Pin Swapped for Back Annotation Only) </cell>
 <cell> CCC Location </cell>
 <cell> Net Name </cell>
 <cell> Net Type </cell>
 <cell> Fanout </cell>
</header>
<row>
 <cell>1</cell>
 <cell>CLK0_PAD</cell>
 <cell>H16</cell>
 <cell>MSIO11NB2/CCC_NE1_CLKI0</cell>
 <cell>HPMS_0_sb_0/CCC_0/CLK0_PAD_INST/U_IOPAD:Y</cell>
 <cell>(627, 28)</cell>
 <cell>HPMS_0_sb_0/CCC_0/CCC_INST/INST_CCC_IP:CLK0_PAD</cell>
 <cell>CCC-NE1 (618, 134)</cell>
 <cell>HPMS_0_sb_0/CCC_0/CLK0_PAD_net</cell>
 <cell>HARDWIRED</cell>
 <cell>2</cell>
</row>
</table>
<text></text>
</section>
<section>
<name>Local Clock Nets to RGB Connections</name>
<text>(none)</text>
</section>
<section>
<name>Global Clock Nets to RGB Connections</name>
<table>
<header>
 <cell/>
 <cell> From </cell>
 <cell> From Location </cell>
 <cell> Net Name </cell>
 <cell> Fanout </cell>
 <cell> </cell>
 <cell> RGB Location </cell>
 <cell> Local Fanout </cell>
</header>
<row>
 <cell>1</cell>
 <cell>GB[12] </cell>
 <cell>(306, 72)</cell>
 <cell>HPMS_0_sb_0/CCC_0/GL0_INST/U0_YWn</cell>
 <cell>5716</cell>
 <cell>1</cell>
 <cell>(146, 6)</cell>
 <cell>20</cell>
</row>
<row>
 <cell> </cell>
 <cell></cell>
 <cell></cell>
 <cell></cell>
 <cell></cell>
 <cell>2</cell>
 <cell>(146, 9)</cell>
 <cell>33</cell>
</row>
<row>
 <cell> </cell>
 <cell></cell>
 <cell></cell>
 <cell></cell>
 <cell></cell>
 <cell>3</cell>
 <cell>(146, 12)</cell>
 <cell>77</cell>
</row>
<row>
 <cell> </cell>
 <cell></cell>
 <cell></cell>
 <cell></cell>
 <cell></cell>
 <cell>4</cell>
 <cell>(146, 15)</cell>
 <cell>124</cell>
</row>
<row>
 <cell> </cell>
 <cell></cell>
 <cell></cell>
 <cell></cell>
 <cell></cell>
 <cell>5</cell>
 <cell>(146, 18)</cell>
 <cell>130</cell>
</row>
<row>
 <cell> </cell>
 <cell></cell>
 <cell></cell>
 <cell></cell>
 <cell></cell>
 <cell>6</cell>
 <cell>(146, 21)</cell>
 <cell>54</cell>
</row>
<row>
 <cell> </cell>
 <cell></cell>
 <cell></cell>
 <cell></cell>
 <cell></cell>
 <cell>7</cell>
 <cell>(146, 24)</cell>
 <cell>124</cell>
</row>
<row>
 <cell> </cell>
 <cell></cell>
 <cell></cell>
 <cell></cell>
 <cell></cell>
 <cell>8</cell>
 <cell>(146, 27)</cell>
 <cell>109</cell>
</row>
<row>
 <cell> </cell>
 <cell></cell>
 <cell></cell>
 <cell></cell>
 <cell></cell>
 <cell>9</cell>
 <cell>(146, 30)</cell>
 <cell>106</cell>
</row>
<row>
 <cell> </cell>
 <cell></cell>
 <cell></cell>
 <cell></cell>
 <cell></cell>
 <cell>10</cell>
 <cell>(146, 33)</cell>
 <cell>29</cell>
</row>
<row>
 <cell> </cell>
 <cell></cell>
 <cell></cell>
 <cell></cell>
 <cell></cell>
 <cell>11</cell>
 <cell>(146, 36)</cell>
 <cell>28</cell>
</row>
<row>
 <cell> </cell>
 <cell></cell>
 <cell></cell>
 <cell></cell>
 <cell></cell>
 <cell>12</cell>
 <cell>(146, 39)</cell>
 <cell>76</cell>
</row>
<row>
 <cell> </cell>
 <cell></cell>
 <cell></cell>
 <cell></cell>
 <cell></cell>
 <cell>13</cell>
 <cell>(146, 42)</cell>
 <cell>103</cell>
</row>
<row>
 <cell> </cell>
 <cell></cell>
 <cell></cell>
 <cell></cell>
 <cell></cell>
 <cell>14</cell>
 <cell>(146, 45)</cell>
 <cell>61</cell>
</row>
<row>
 <cell> </cell>
 <cell></cell>
 <cell></cell>
 <cell></cell>
 <cell></cell>
 <cell>15</cell>
 <cell>(146, 48)</cell>
 <cell>75</cell>
</row>
<row>
 <cell> </cell>
 <cell></cell>
 <cell></cell>
 <cell></cell>
 <cell></cell>
 <cell>16</cell>
 <cell>(146, 51)</cell>
 <cell>54</cell>
</row>
<row>
 <cell> </cell>
 <cell></cell>
 <cell></cell>
 <cell></cell>
 <cell></cell>
 <cell>17</cell>
 <cell>(146, 54)</cell>
 <cell>31</cell>
</row>
<row>
 <cell> </cell>
 <cell></cell>
 <cell></cell>
 <cell></cell>
 <cell></cell>
 <cell>18</cell>
 <cell>(146, 57)</cell>
 <cell>29</cell>
</row>
<row>
 <cell> </cell>
 <cell></cell>
 <cell></cell>
 <cell></cell>
 <cell></cell>
 <cell>19</cell>
 <cell>(146, 60)</cell>
 <cell>38</cell>
</row>
<row>
 <cell> </cell>
 <cell></cell>
 <cell></cell>
 <cell></cell>
 <cell></cell>
 <cell>20</cell>
 <cell>(146, 63)</cell>
 <cell>36</cell>
</row>
<row>
 <cell> </cell>
 <cell></cell>
 <cell></cell>
 <cell></cell>
 <cell></cell>
 <cell>21</cell>
 <cell>(146, 66)</cell>
 <cell>28</cell>
</row>
<row>
 <cell> </cell>
 <cell></cell>
 <cell></cell>
 <cell></cell>
 <cell></cell>
 <cell>22</cell>
 <cell>(146, 69)</cell>
 <cell>86</cell>
</row>
<row>
 <cell> </cell>
 <cell></cell>
 <cell></cell>
 <cell></cell>
 <cell></cell>
 <cell>23</cell>
 <cell>(146, 75)</cell>
 <cell>76</cell>
</row>
<row>
 <cell> </cell>
 <cell></cell>
 <cell></cell>
 <cell></cell>
 <cell></cell>
 <cell>24</cell>
 <cell>(146, 78)</cell>
 <cell>74</cell>
</row>
<row>
 <cell> </cell>
 <cell></cell>
 <cell></cell>
 <cell></cell>
 <cell></cell>
 <cell>25</cell>
 <cell>(146, 81)</cell>
 <cell>79</cell>
</row>
<row>
 <cell> </cell>
 <cell></cell>
 <cell></cell>
 <cell></cell>
 <cell></cell>
 <cell>26</cell>
 <cell>(146, 84)</cell>
 <cell>90</cell>
</row>
<row>
 <cell> </cell>
 <cell></cell>
 <cell></cell>
 <cell></cell>
 <cell></cell>
 <cell>27</cell>
 <cell>(146, 87)</cell>
 <cell>87</cell>
</row>
<row>
 <cell> </cell>
 <cell></cell>
 <cell></cell>
 <cell></cell>
 <cell></cell>
 <cell>28</cell>
 <cell>(146, 90)</cell>
 <cell>124</cell>
</row>
<row>
 <cell> </cell>
 <cell></cell>
 <cell></cell>
 <cell></cell>
 <cell></cell>
 <cell>29</cell>
 <cell>(146, 93)</cell>
 <cell>124</cell>
</row>
<row>
 <cell> </cell>
 <cell></cell>
 <cell></cell>
 <cell></cell>
 <cell></cell>
 <cell>30</cell>
 <cell>(146, 96)</cell>
 <cell>108</cell>
</row>
<row>
 <cell> </cell>
 <cell></cell>
 <cell></cell>
 <cell></cell>
 <cell></cell>
 <cell>31</cell>
 <cell>(146, 99)</cell>
 <cell>83</cell>
</row>
<row>
 <cell> </cell>
 <cell></cell>
 <cell></cell>
 <cell></cell>
 <cell></cell>
 <cell>32</cell>
 <cell>(146, 102)</cell>
 <cell>125</cell>
</row>
<row>
 <cell> </cell>
 <cell></cell>
 <cell></cell>
 <cell></cell>
 <cell></cell>
 <cell>33</cell>
 <cell>(146, 105)</cell>
 <cell>111</cell>
</row>
<row>
 <cell> </cell>
 <cell></cell>
 <cell></cell>
 <cell></cell>
 <cell></cell>
 <cell>34</cell>
 <cell>(146, 108)</cell>
 <cell>57</cell>
</row>
<row>
 <cell> </cell>
 <cell></cell>
 <cell></cell>
 <cell></cell>
 <cell></cell>
 <cell>35</cell>
 <cell>(146, 111)</cell>
 <cell>90</cell>
</row>
<row>
 <cell> </cell>
 <cell></cell>
 <cell></cell>
 <cell></cell>
 <cell></cell>
 <cell>36</cell>
 <cell>(146, 114)</cell>
 <cell>84</cell>
</row>
<row>
 <cell> </cell>
 <cell></cell>
 <cell></cell>
 <cell></cell>
 <cell></cell>
 <cell>37</cell>
 <cell>(146, 117)</cell>
 <cell>71</cell>
</row>
<row>
 <cell> </cell>
 <cell></cell>
 <cell></cell>
 <cell></cell>
 <cell></cell>
 <cell>38</cell>
 <cell>(146, 120)</cell>
 <cell>64</cell>
</row>
<row>
 <cell> </cell>
 <cell></cell>
 <cell></cell>
 <cell></cell>
 <cell></cell>
 <cell>39</cell>
 <cell>(146, 123)</cell>
 <cell>31</cell>
</row>
<row>
 <cell> </cell>
 <cell></cell>
 <cell></cell>
 <cell></cell>
 <cell></cell>
 <cell>40</cell>
 <cell>(146, 126)</cell>
 <cell>5</cell>
</row>
<row>
 <cell> </cell>
 <cell></cell>
 <cell></cell>
 <cell></cell>
 <cell></cell>
 <cell>41</cell>
 <cell>(446, 12)</cell>
 <cell>42</cell>
</row>
<row>
 <cell> </cell>
 <cell></cell>
 <cell></cell>
 <cell></cell>
 <cell></cell>
 <cell>42</cell>
 <cell>(446, 15)</cell>
 <cell>29</cell>
</row>
<row>
 <cell> </cell>
 <cell></cell>
 <cell></cell>
 <cell></cell>
 <cell></cell>
 <cell>43</cell>
 <cell>(446, 18)</cell>
 <cell>27</cell>
</row>
<row>
 <cell> </cell>
 <cell></cell>
 <cell></cell>
 <cell></cell>
 <cell></cell>
 <cell>44</cell>
 <cell>(446, 21)</cell>
 <cell>14</cell>
</row>
<row>
 <cell> </cell>
 <cell></cell>
 <cell></cell>
 <cell></cell>
 <cell></cell>
 <cell>45</cell>
 <cell>(446, 24)</cell>
 <cell>20</cell>
</row>
<row>
 <cell> </cell>
 <cell></cell>
 <cell></cell>
 <cell></cell>
 <cell></cell>
 <cell>46</cell>
 <cell>(446, 27)</cell>
 <cell>29</cell>
</row>
<row>
 <cell> </cell>
 <cell></cell>
 <cell></cell>
 <cell></cell>
 <cell></cell>
 <cell>47</cell>
 <cell>(446, 30)</cell>
 <cell>30</cell>
</row>
<row>
 <cell> </cell>
 <cell></cell>
 <cell></cell>
 <cell></cell>
 <cell></cell>
 <cell>48</cell>
 <cell>(446, 33)</cell>
 <cell>23</cell>
</row>
<row>
 <cell> </cell>
 <cell></cell>
 <cell></cell>
 <cell></cell>
 <cell></cell>
 <cell>49</cell>
 <cell>(446, 36)</cell>
 <cell>65</cell>
</row>
<row>
 <cell> </cell>
 <cell></cell>
 <cell></cell>
 <cell></cell>
 <cell></cell>
 <cell>50</cell>
 <cell>(446, 39)</cell>
 <cell>59</cell>
</row>
<row>
 <cell> </cell>
 <cell></cell>
 <cell></cell>
 <cell></cell>
 <cell></cell>
 <cell>51</cell>
 <cell>(446, 42)</cell>
 <cell>26</cell>
</row>
<row>
 <cell> </cell>
 <cell></cell>
 <cell></cell>
 <cell></cell>
 <cell></cell>
 <cell>52</cell>
 <cell>(446, 45)</cell>
 <cell>39</cell>
</row>
<row>
 <cell> </cell>
 <cell></cell>
 <cell></cell>
 <cell></cell>
 <cell></cell>
 <cell>53</cell>
 <cell>(446, 48)</cell>
 <cell>10</cell>
</row>
<row>
 <cell> </cell>
 <cell></cell>
 <cell></cell>
 <cell></cell>
 <cell></cell>
 <cell>54</cell>
 <cell>(446, 51)</cell>
 <cell>50</cell>
</row>
<row>
 <cell> </cell>
 <cell></cell>
 <cell></cell>
 <cell></cell>
 <cell></cell>
 <cell>55</cell>
 <cell>(446, 54)</cell>
 <cell>95</cell>
</row>
<row>
 <cell> </cell>
 <cell></cell>
 <cell></cell>
 <cell></cell>
 <cell></cell>
 <cell>56</cell>
 <cell>(446, 57)</cell>
 <cell>27</cell>
</row>
<row>
 <cell> </cell>
 <cell></cell>
 <cell></cell>
 <cell></cell>
 <cell></cell>
 <cell>57</cell>
 <cell>(446, 60)</cell>
 <cell>34</cell>
</row>
<row>
 <cell> </cell>
 <cell></cell>
 <cell></cell>
 <cell></cell>
 <cell></cell>
 <cell>58</cell>
 <cell>(446, 63)</cell>
 <cell>44</cell>
</row>
<row>
 <cell> </cell>
 <cell></cell>
 <cell></cell>
 <cell></cell>
 <cell></cell>
 <cell>59</cell>
 <cell>(446, 66)</cell>
 <cell>56</cell>
</row>
<row>
 <cell> </cell>
 <cell></cell>
 <cell></cell>
 <cell></cell>
 <cell></cell>
 <cell>60</cell>
 <cell>(446, 69)</cell>
 <cell>86</cell>
</row>
<row>
 <cell> </cell>
 <cell></cell>
 <cell></cell>
 <cell></cell>
 <cell></cell>
 <cell>61</cell>
 <cell>(446, 75)</cell>
 <cell>79</cell>
</row>
<row>
 <cell> </cell>
 <cell></cell>
 <cell></cell>
 <cell></cell>
 <cell></cell>
 <cell>62</cell>
 <cell>(446, 78)</cell>
 <cell>58</cell>
</row>
<row>
 <cell> </cell>
 <cell></cell>
 <cell></cell>
 <cell></cell>
 <cell></cell>
 <cell>63</cell>
 <cell>(446, 81)</cell>
 <cell>111</cell>
</row>
<row>
 <cell> </cell>
 <cell></cell>
 <cell></cell>
 <cell></cell>
 <cell></cell>
 <cell>64</cell>
 <cell>(446, 84)</cell>
 <cell>70</cell>
</row>
<row>
 <cell> </cell>
 <cell></cell>
 <cell></cell>
 <cell></cell>
 <cell></cell>
 <cell>65</cell>
 <cell>(446, 87)</cell>
 <cell>110</cell>
</row>
<row>
 <cell> </cell>
 <cell></cell>
 <cell></cell>
 <cell></cell>
 <cell></cell>
 <cell>66</cell>
 <cell>(446, 90)</cell>
 <cell>120</cell>
</row>
<row>
 <cell> </cell>
 <cell></cell>
 <cell></cell>
 <cell></cell>
 <cell></cell>
 <cell>67</cell>
 <cell>(446, 93)</cell>
 <cell>132</cell>
</row>
<row>
 <cell> </cell>
 <cell></cell>
 <cell></cell>
 <cell></cell>
 <cell></cell>
 <cell>68</cell>
 <cell>(446, 96)</cell>
 <cell>86</cell>
</row>
<row>
 <cell> </cell>
 <cell></cell>
 <cell></cell>
 <cell></cell>
 <cell></cell>
 <cell>69</cell>
 <cell>(446, 99)</cell>
 <cell>211</cell>
</row>
<row>
 <cell> </cell>
 <cell></cell>
 <cell></cell>
 <cell></cell>
 <cell></cell>
 <cell>70</cell>
 <cell>(446, 102)</cell>
 <cell>131</cell>
</row>
<row>
 <cell> </cell>
 <cell></cell>
 <cell></cell>
 <cell></cell>
 <cell></cell>
 <cell>71</cell>
 <cell>(446, 105)</cell>
 <cell>150</cell>
</row>
<row>
 <cell> </cell>
 <cell></cell>
 <cell></cell>
 <cell></cell>
 <cell></cell>
 <cell>72</cell>
 <cell>(446, 108)</cell>
 <cell>145</cell>
</row>
<row>
 <cell> </cell>
 <cell></cell>
 <cell></cell>
 <cell></cell>
 <cell></cell>
 <cell>73</cell>
 <cell>(446, 111)</cell>
 <cell>147</cell>
</row>
<row>
 <cell> </cell>
 <cell></cell>
 <cell></cell>
 <cell></cell>
 <cell></cell>
 <cell>74</cell>
 <cell>(446, 126)</cell>
 <cell>62</cell>
</row>
<row>
 <cell> </cell>
 <cell></cell>
 <cell></cell>
 <cell></cell>
 <cell></cell>
 <cell>75</cell>
 <cell>(446, 132)</cell>
 <cell>8</cell>
</row>
<row>
 <cell> </cell>
 <cell></cell>
 <cell></cell>
 <cell></cell>
 <cell></cell>
 <cell>76</cell>
 <cell>(446, 144)</cell>
 <cell>1</cell>
</row>
<row>
 <cell> </cell>
 <cell></cell>
 <cell></cell>
 <cell></cell>
 <cell></cell>
 <cell>77</cell>
 <cell>(447, 9)</cell>
 <cell>6</cell>
</row>
<row>
 <cell> </cell>
 <cell></cell>
 <cell></cell>
 <cell></cell>
 <cell></cell>
 <cell>78</cell>
 <cell>(447, 117)</cell>
 <cell>101</cell>
</row>
<row>
 <cell> </cell>
 <cell></cell>
 <cell></cell>
 <cell></cell>
 <cell></cell>
 <cell>79</cell>
 <cell>(447, 120)</cell>
 <cell>86</cell>
</row>
<row>
 <cell> </cell>
 <cell></cell>
 <cell></cell>
 <cell></cell>
 <cell></cell>
 <cell>80</cell>
 <cell>(447, 123)</cell>
 <cell>56</cell>
</row>
<row>
 <cell> </cell>
 <cell></cell>
 <cell></cell>
 <cell></cell>
 <cell></cell>
 <cell>81</cell>
 <cell>(448, 114)</cell>
 <cell>107</cell>
</row>
<row>
 <cell>2</cell>
 <cell>GB[6] </cell>
 <cell>(296, 72)</cell>
 <cell>HPMS_0_sb_0/CORERESETP_0/INIT_DONE_int_RNIKRPF/U0_YWn</cell>
 <cell>498</cell>
 <cell>1</cell>
 <cell>(147, 9)</cell>
 <cell>8</cell>
</row>
<row>
 <cell> </cell>
 <cell></cell>
 <cell></cell>
 <cell></cell>
 <cell></cell>
 <cell>2</cell>
 <cell>(147, 12)</cell>
 <cell>31</cell>
</row>
<row>
 <cell> </cell>
 <cell></cell>
 <cell></cell>
 <cell></cell>
 <cell></cell>
 <cell>3</cell>
 <cell>(147, 15)</cell>
 <cell>46</cell>
</row>
<row>
 <cell> </cell>
 <cell></cell>
 <cell></cell>
 <cell></cell>
 <cell></cell>
 <cell>4</cell>
 <cell>(147, 18)</cell>
 <cell>64</cell>
</row>
<row>
 <cell> </cell>
 <cell></cell>
 <cell></cell>
 <cell></cell>
 <cell></cell>
 <cell>5</cell>
 <cell>(147, 21)</cell>
 <cell>8</cell>
</row>
<row>
 <cell> </cell>
 <cell></cell>
 <cell></cell>
 <cell></cell>
 <cell></cell>
 <cell>6</cell>
 <cell>(147, 24)</cell>
 <cell>52</cell>
</row>
<row>
 <cell> </cell>
 <cell></cell>
 <cell></cell>
 <cell></cell>
 <cell></cell>
 <cell>7</cell>
 <cell>(147, 27)</cell>
 <cell>54</cell>
</row>
<row>
 <cell> </cell>
 <cell></cell>
 <cell></cell>
 <cell></cell>
 <cell></cell>
 <cell>8</cell>
 <cell>(147, 30)</cell>
 <cell>56</cell>
</row>
<row>
 <cell> </cell>
 <cell></cell>
 <cell></cell>
 <cell></cell>
 <cell></cell>
 <cell>9</cell>
 <cell>(147, 33)</cell>
 <cell>19</cell>
</row>
<row>
 <cell> </cell>
 <cell></cell>
 <cell></cell>
 <cell></cell>
 <cell></cell>
 <cell>10</cell>
 <cell>(147, 36)</cell>
 <cell>5</cell>
</row>
<row>
 <cell> </cell>
 <cell></cell>
 <cell></cell>
 <cell></cell>
 <cell></cell>
 <cell>11</cell>
 <cell>(147, 39)</cell>
 <cell>2</cell>
</row>
<row>
 <cell> </cell>
 <cell></cell>
 <cell></cell>
 <cell></cell>
 <cell></cell>
 <cell>12</cell>
 <cell>(446, 0)</cell>
 <cell>1</cell>
</row>
<row>
 <cell> </cell>
 <cell></cell>
 <cell></cell>
 <cell></cell>
 <cell></cell>
 <cell>13</cell>
 <cell>(447, 69)</cell>
 <cell>24</cell>
</row>
<row>
 <cell> </cell>
 <cell></cell>
 <cell></cell>
 <cell></cell>
 <cell></cell>
 <cell>14</cell>
 <cell>(447, 75)</cell>
 <cell>3</cell>
</row>
<row>
 <cell> </cell>
 <cell></cell>
 <cell></cell>
 <cell></cell>
 <cell></cell>
 <cell>15</cell>
 <cell>(447, 78)</cell>
 <cell>2</cell>
</row>
<row>
 <cell> </cell>
 <cell></cell>
 <cell></cell>
 <cell></cell>
 <cell></cell>
 <cell>16</cell>
 <cell>(447, 81)</cell>
 <cell>2</cell>
</row>
<row>
 <cell> </cell>
 <cell></cell>
 <cell></cell>
 <cell></cell>
 <cell></cell>
 <cell>17</cell>
 <cell>(447, 87)</cell>
 <cell>21</cell>
</row>
<row>
 <cell> </cell>
 <cell></cell>
 <cell></cell>
 <cell></cell>
 <cell></cell>
 <cell>18</cell>
 <cell>(447, 90)</cell>
 <cell>21</cell>
</row>
<row>
 <cell> </cell>
 <cell></cell>
 <cell></cell>
 <cell></cell>
 <cell></cell>
 <cell>19</cell>
 <cell>(447, 93)</cell>
 <cell>8</cell>
</row>
<row>
 <cell> </cell>
 <cell></cell>
 <cell></cell>
 <cell></cell>
 <cell></cell>
 <cell>20</cell>
 <cell>(447, 99)</cell>
 <cell>8</cell>
</row>
<row>
 <cell> </cell>
 <cell></cell>
 <cell></cell>
 <cell></cell>
 <cell></cell>
 <cell>21</cell>
 <cell>(447, 102)</cell>
 <cell>3</cell>
</row>
<row>
 <cell> </cell>
 <cell></cell>
 <cell></cell>
 <cell></cell>
 <cell></cell>
 <cell>22</cell>
 <cell>(447, 126)</cell>
 <cell>28</cell>
</row>
<row>
 <cell> </cell>
 <cell></cell>
 <cell></cell>
 <cell></cell>
 <cell></cell>
 <cell>23</cell>
 <cell>(449, 120)</cell>
 <cell>9</cell>
</row>
<row>
 <cell> </cell>
 <cell></cell>
 <cell></cell>
 <cell></cell>
 <cell></cell>
 <cell>24</cell>
 <cell>(449, 123)</cell>
 <cell>14</cell>
</row>
<row>
 <cell> </cell>
 <cell></cell>
 <cell></cell>
 <cell></cell>
 <cell></cell>
 <cell>25</cell>
 <cell>(450, 114)</cell>
 <cell>2</cell>
</row>
<row>
 <cell> </cell>
 <cell></cell>
 <cell></cell>
 <cell></cell>
 <cell></cell>
 <cell>26</cell>
 <cell>(450, 117)</cell>
 <cell>7</cell>
</row>
<row>
 <cell>3</cell>
 <cell>GB[5] </cell>
 <cell>(295, 72)</cell>
 <cell>HPMS_0_sb_0/CORERESETP_0/MSS_HPMS_READY_int_RNIPQ52/U0_YWn_GEast</cell>
 <cell>492</cell>
 <cell>1</cell>
 <cell>(447, 51)</cell>
 <cell>24</cell>
</row>
<row>
 <cell> </cell>
 <cell></cell>
 <cell></cell>
 <cell></cell>
 <cell></cell>
 <cell>2</cell>
 <cell>(447, 54)</cell>
 <cell>82</cell>
</row>
<row>
 <cell> </cell>
 <cell></cell>
 <cell></cell>
 <cell></cell>
 <cell></cell>
 <cell>3</cell>
 <cell>(447, 57)</cell>
 <cell>16</cell>
</row>
<row>
 <cell> </cell>
 <cell></cell>
 <cell></cell>
 <cell></cell>
 <cell></cell>
 <cell>4</cell>
 <cell>(447, 60)</cell>
 <cell>21</cell>
</row>
<row>
 <cell> </cell>
 <cell></cell>
 <cell></cell>
 <cell></cell>
 <cell></cell>
 <cell>5</cell>
 <cell>(447, 63)</cell>
 <cell>38</cell>
</row>
<row>
 <cell> </cell>
 <cell></cell>
 <cell></cell>
 <cell></cell>
 <cell></cell>
 <cell>6</cell>
 <cell>(447, 66)</cell>
 <cell>45</cell>
</row>
<row>
 <cell> </cell>
 <cell></cell>
 <cell></cell>
 <cell></cell>
 <cell></cell>
 <cell>7</cell>
 <cell>(447, 84)</cell>
 <cell>21</cell>
</row>
<row>
 <cell> </cell>
 <cell></cell>
 <cell></cell>
 <cell></cell>
 <cell></cell>
 <cell>8</cell>
 <cell>(448, 69)</cell>
 <cell>50</cell>
</row>
<row>
 <cell> </cell>
 <cell></cell>
 <cell></cell>
 <cell></cell>
 <cell></cell>
 <cell>9</cell>
 <cell>(448, 75)</cell>
 <cell>45</cell>
</row>
<row>
 <cell> </cell>
 <cell></cell>
 <cell></cell>
 <cell></cell>
 <cell></cell>
 <cell>10</cell>
 <cell>(448, 78)</cell>
 <cell>23</cell>
</row>
<row>
 <cell> </cell>
 <cell></cell>
 <cell></cell>
 <cell></cell>
 <cell></cell>
 <cell>11</cell>
 <cell>(448, 81)</cell>
 <cell>47</cell>
</row>
<row>
 <cell> </cell>
 <cell></cell>
 <cell></cell>
 <cell></cell>
 <cell></cell>
 <cell>12</cell>
 <cell>(448, 87)</cell>
 <cell>28</cell>
</row>
<row>
 <cell> </cell>
 <cell></cell>
 <cell></cell>
 <cell></cell>
 <cell></cell>
 <cell>13</cell>
 <cell>(448, 90)</cell>
 <cell>19</cell>
</row>
<row>
 <cell> </cell>
 <cell></cell>
 <cell></cell>
 <cell></cell>
 <cell></cell>
 <cell>14</cell>
 <cell>(448, 93)</cell>
 <cell>21</cell>
</row>
<row>
 <cell> </cell>
 <cell></cell>
 <cell></cell>
 <cell></cell>
 <cell></cell>
 <cell>15</cell>
 <cell>(448, 99)</cell>
 <cell>12</cell>
</row>
<row>
 <cell>4</cell>
 <cell>GB[11] </cell>
 <cell>(305, 72)</cell>
 <cell>COREJTAGDEBUG_0/tck_clkint/U0_YWn</cell>
 <cell>296</cell>
 <cell>1</cell>
 <cell>(146, 129)</cell>
 <cell>29</cell>
</row>
<row>
 <cell> </cell>
 <cell></cell>
 <cell></cell>
 <cell></cell>
 <cell></cell>
 <cell>2</cell>
 <cell>(146, 132)</cell>
 <cell>31</cell>
</row>
<row>
 <cell> </cell>
 <cell></cell>
 <cell></cell>
 <cell></cell>
 <cell></cell>
 <cell>3</cell>
 <cell>(147, 96)</cell>
 <cell>2</cell>
</row>
<row>
 <cell> </cell>
 <cell></cell>
 <cell></cell>
 <cell></cell>
 <cell></cell>
 <cell>4</cell>
 <cell>(147, 99)</cell>
 <cell>1</cell>
</row>
<row>
 <cell> </cell>
 <cell></cell>
 <cell></cell>
 <cell></cell>
 <cell></cell>
 <cell>5</cell>
 <cell>(147, 105)</cell>
 <cell>16</cell>
</row>
<row>
 <cell> </cell>
 <cell></cell>
 <cell></cell>
 <cell></cell>
 <cell></cell>
 <cell>6</cell>
 <cell>(147, 108)</cell>
 <cell>38</cell>
</row>
<row>
 <cell> </cell>
 <cell></cell>
 <cell></cell>
 <cell></cell>
 <cell></cell>
 <cell>7</cell>
 <cell>(147, 111)</cell>
 <cell>32</cell>
</row>
<row>
 <cell> </cell>
 <cell></cell>
 <cell></cell>
 <cell></cell>
 <cell></cell>
 <cell>8</cell>
 <cell>(147, 114)</cell>
 <cell>35</cell>
</row>
<row>
 <cell> </cell>
 <cell></cell>
 <cell></cell>
 <cell></cell>
 <cell></cell>
 <cell>9</cell>
 <cell>(147, 117)</cell>
 <cell>40</cell>
</row>
<row>
 <cell> </cell>
 <cell></cell>
 <cell></cell>
 <cell></cell>
 <cell></cell>
 <cell>10</cell>
 <cell>(147, 120)</cell>
 <cell>40</cell>
</row>
<row>
 <cell> </cell>
 <cell></cell>
 <cell></cell>
 <cell></cell>
 <cell></cell>
 <cell>11</cell>
 <cell>(147, 123)</cell>
 <cell>8</cell>
</row>
<row>
 <cell> </cell>
 <cell></cell>
 <cell></cell>
 <cell></cell>
 <cell></cell>
 <cell>12</cell>
 <cell>(147, 126)</cell>
 <cell>24</cell>
</row>
<row>
 <cell>5</cell>
 <cell>GB[0] </cell>
 <cell>(290, 72)</cell>
 <cell>HPMS_0_sb_0/HPMS_0_sb_HPMS_0/MSS_ADLIB_INST_RNIIQEF_0/U0_YWn_GEast</cell>
 <cell>78</cell>
 <cell>1</cell>
 <cell>(447, 105)</cell>
 <cell>9</cell>
</row>
<row>
 <cell> </cell>
 <cell></cell>
 <cell></cell>
 <cell></cell>
 <cell></cell>
 <cell>2</cell>
 <cell>(447, 108)</cell>
 <cell>11</cell>
</row>
<row>
 <cell> </cell>
 <cell></cell>
 <cell></cell>
 <cell></cell>
 <cell></cell>
 <cell>3</cell>
 <cell>(447, 111)</cell>
 <cell>7</cell>
</row>
<row>
 <cell> </cell>
 <cell></cell>
 <cell></cell>
 <cell></cell>
 <cell></cell>
 <cell>4</cell>
 <cell>(447, 144)</cell>
 <cell>1</cell>
</row>
<row>
 <cell> </cell>
 <cell></cell>
 <cell></cell>
 <cell></cell>
 <cell></cell>
 <cell>5</cell>
 <cell>(448, 117)</cell>
 <cell>12</cell>
</row>
<row>
 <cell> </cell>
 <cell></cell>
 <cell></cell>
 <cell></cell>
 <cell></cell>
 <cell>6</cell>
 <cell>(448, 120)</cell>
 <cell>12</cell>
</row>
<row>
 <cell> </cell>
 <cell></cell>
 <cell></cell>
 <cell></cell>
 <cell></cell>
 <cell>7</cell>
 <cell>(448, 123)</cell>
 <cell>12</cell>
</row>
<row>
 <cell> </cell>
 <cell></cell>
 <cell></cell>
 <cell></cell>
 <cell></cell>
 <cell>8</cell>
 <cell>(449, 114)</cell>
 <cell>14</cell>
</row>
<row>
 <cell>6</cell>
 <cell>GB[2] </cell>
 <cell>(292, 72)</cell>
 <cell>HPMS_0_sb_0/HPMS_0_sb_HPMS_0/MSS_ADLIB_INST_RNIIQEF/U0_YWn_GEast</cell>
 <cell>76</cell>
 <cell>1</cell>
 <cell>(448, 105)</cell>
 <cell>7</cell>
</row>
<row>
 <cell> </cell>
 <cell></cell>
 <cell></cell>
 <cell></cell>
 <cell></cell>
 <cell>2</cell>
 <cell>(448, 108)</cell>
 <cell>11</cell>
</row>
<row>
 <cell> </cell>
 <cell></cell>
 <cell></cell>
 <cell></cell>
 <cell></cell>
 <cell>3</cell>
 <cell>(448, 111)</cell>
 <cell>7</cell>
</row>
<row>
 <cell> </cell>
 <cell></cell>
 <cell></cell>
 <cell></cell>
 <cell></cell>
 <cell>4</cell>
 <cell>(448, 144)</cell>
 <cell>1</cell>
</row>
<row>
 <cell> </cell>
 <cell></cell>
 <cell></cell>
 <cell></cell>
 <cell></cell>
 <cell>5</cell>
 <cell>(450, 120)</cell>
 <cell>12</cell>
</row>
<row>
 <cell> </cell>
 <cell></cell>
 <cell></cell>
 <cell></cell>
 <cell></cell>
 <cell>6</cell>
 <cell>(450, 123)</cell>
 <cell>12</cell>
</row>
<row>
 <cell> </cell>
 <cell></cell>
 <cell></cell>
 <cell></cell>
 <cell></cell>
 <cell>7</cell>
 <cell>(451, 114)</cell>
 <cell>14</cell>
</row>
<row>
 <cell> </cell>
 <cell></cell>
 <cell></cell>
 <cell></cell>
 <cell></cell>
 <cell>8</cell>
 <cell>(451, 117)</cell>
 <cell>12</cell>
</row>
<row>
 <cell>7</cell>
 <cell>GB[7] </cell>
 <cell>(297, 72)</cell>
 <cell>HPMS_0_sb_0/CORERESETP_0/sm0_areset_n_clk_base_RNI4M4D/U0_YWn_GEast</cell>
 <cell>26</cell>
 <cell>1</cell>
 <cell>(446, 120)</cell>
 <cell>12</cell>
</row>
<row>
 <cell> </cell>
 <cell></cell>
 <cell></cell>
 <cell></cell>
 <cell></cell>
 <cell>2</cell>
 <cell>(446, 123)</cell>
 <cell>12</cell>
</row>
<row>
 <cell> </cell>
 <cell></cell>
 <cell></cell>
 <cell></cell>
 <cell></cell>
 <cell>3</cell>
 <cell>(447, 114)</cell>
 <cell>2</cell>
</row>
<row>
 <cell>8</cell>
 <cell>GB[15] </cell>
 <cell>(309, 72)</cell>
 <cell>HPMS_0_sb_0/FABOSC_0/I_RCOSC_25_50MHZ_FAB_CLKINT/U0_YWn_GEast</cell>
 <cell>22</cell>
 <cell>1</cell>
 <cell>(446, 114)</cell>
 <cell>4</cell>
</row>
<row>
 <cell> </cell>
 <cell></cell>
 <cell></cell>
 <cell></cell>
 <cell></cell>
 <cell>2</cell>
 <cell>(446, 117)</cell>
 <cell>18</cell>
</row>
<row>
 <cell>9</cell>
 <cell>GB[4] </cell>
 <cell>(294, 72)</cell>
 <cell>HPMS_0_sb_0/CORERESETP_0/sm0_areset_n_rcosc_RNIAKQF/U0_YWn_GEast</cell>
 <cell>17</cell>
 <cell> </cell>
 <cell>(449, 117)</cell>
 <cell>17</cell>
</row>
<row>
 <cell>10</cell>
 <cell>GB[1] </cell>
 <cell>(291, 72)</cell>
 <cell>COREJTAGDEBUG_0/genblk1_UJTAG_0_RNIFG38/U0_YWn_GEast</cell>
 <cell>16</cell>
 <cell>1</cell>
 <cell>(446, 6)</cell>
 <cell>14</cell>
</row>
<row>
 <cell> </cell>
 <cell></cell>
 <cell></cell>
 <cell></cell>
 <cell></cell>
 <cell>2</cell>
 <cell>(446, 9)</cell>
 <cell>2</cell>
</row>
<row>
 <cell>11</cell>
 <cell>GB[3] </cell>
 <cell>(293, 72)</cell>
 <cell>COREJTAGDEBUG_0/genblk1_udrck_clkint/U0_YWn_GEast</cell>
 <cell>16</cell>
 <cell>1</cell>
 <cell>(447, 6)</cell>
 <cell>14</cell>
</row>
<row>
 <cell> </cell>
 <cell></cell>
 <cell></cell>
 <cell></cell>
 <cell></cell>
 <cell>2</cell>
 <cell>(448, 9)</cell>
 <cell>2</cell>
</row>
</table>
<text></text>
</section>
</doc>
